INSERT INTO "CWM_SCHEMA" ("ID", "NAME", "VERSION", "DESCRIPTION", "MODIFIED_TIME", "IS_LOCK", "USERID", "LOCK_MODIFIED_TIME", "IS_DELETE", "SECRECY_SET", "TYPE") VALUES ('#SEQ_CWM_SCHEMA-1#', '试验资源管理', '1.0', NULL, TO_DATE('2017-04-27 11:05:55', 'SYYYY-MM-DD HH24:MI:SS'), '0', '192.168.8.213====guest1', TO_DATE('2017-04-27 15:23:29', 'SYYYY-MM-DD HH24:MI:SS'), '1', '机密,秘密,内部,非密', '1')

INSERT INTO "CWM_TABLES" ("ID", "S_NAME", "DISPLAY_NAME", "S_TABLE_NAME", "PID", "SCHEMA_ID", "PAIXU_FX", "IS_CONNECT_TABLE", "IS_SHOW", "DETAIL_TEXT", "DESCRIPTION", "BIG_IMAGE", "NOR_IMAGE", "SMA_IMAGE", "CATEGORY", "IS_VALID", "ORDER_SIGN", "CITE", "SECRECY", "SECRECYABLE", "MAP_TABLE", "SHARE_TYPE", "SHAREABLE", "COL_SUM") VALUES ('#SEQ_CWM_TABLES-1#', 'T_DEV_TYPE', '设备分类', 'T_DEV_TYPE_#SEQ_CWM_SCHEMA-1#', NULL, '#SEQ_CWM_SCHEMA-1#', 'ASC', NULL, 'True', NULL, NULL, NULL, NULL, NULL, NULL, '1', '0', '//@数据类/@children.0', NULL, 'False', NULL, '0', 'False', NULL)
INSERT INTO "CWM_TABLES" ("ID", "S_NAME", "DISPLAY_NAME", "S_TABLE_NAME", "PID", "SCHEMA_ID", "PAIXU_FX", "IS_CONNECT_TABLE", "IS_SHOW", "DETAIL_TEXT", "DESCRIPTION", "BIG_IMAGE", "NOR_IMAGE", "SMA_IMAGE", "CATEGORY", "IS_VALID", "ORDER_SIGN", "CITE", "SECRECY", "SECRECYABLE", "MAP_TABLE", "SHARE_TYPE", "SHAREABLE", "COL_SUM") VALUES ('#SEQ_CWM_TABLES-2#', 'T_DEVICE', '设备', 'T_DEVICE_#SEQ_CWM_SCHEMA-1#', NULL, '#SEQ_CWM_SCHEMA-1#', 'ASC', NULL, 'True', NULL, NULL, NULL, NULL, NULL, NULL, '1', '1', '//@数据类/@children.1', NULL, 'False', NULL, '0', 'False', NULL)
INSERT INTO "CWM_TABLES" ("ID", "S_NAME", "DISPLAY_NAME", "S_TABLE_NAME", "PID", "SCHEMA_ID", "PAIXU_FX", "IS_CONNECT_TABLE", "IS_SHOW", "DETAIL_TEXT", "DESCRIPTION", "BIG_IMAGE", "NOR_IMAGE", "SMA_IMAGE", "CATEGORY", "IS_VALID", "ORDER_SIGN", "CITE", "SECRECY", "SECRECYABLE", "MAP_TABLE", "SHARE_TYPE", "SHAREABLE", "COL_SUM") VALUES ('#SEQ_CWM_TABLES-3#', 'T_SBWXJL', '设备维修记录', 'T_SBWXJL_#SEQ_CWM_SCHEMA-1#', NULL, '#SEQ_CWM_SCHEMA-1#', 'ASC', NULL, 'True', NULL, NULL, NULL, NULL, NULL, NULL, '1', '3', '//@数据类/@children.3', NULL, 'False', NULL, '0', 'False', NULL)
INSERT INTO "CWM_TABLES" ("ID", "S_NAME", "DISPLAY_NAME", "S_TABLE_NAME", "PID", "SCHEMA_ID", "PAIXU_FX", "IS_CONNECT_TABLE", "IS_SHOW", "DETAIL_TEXT", "DESCRIPTION", "BIG_IMAGE", "NOR_IMAGE", "SMA_IMAGE", "CATEGORY", "IS_VALID", "ORDER_SIGN", "CITE", "SECRECY", "SECRECYABLE", "MAP_TABLE", "SHARE_TYPE", "SHAREABLE", "COL_SUM") VALUES ('#SEQ_CWM_TABLES-4#', 'T_SBSYJL', '设备使用记录', 'T_SBSYJL_#SEQ_CWM_SCHEMA-1#', NULL, '#SEQ_CWM_SCHEMA-1#', 'ASC', NULL, 'True', NULL, NULL, NULL, NULL, NULL, NULL, '1', '2', '//@数据类/@children.2', NULL, 'False', NULL, '0', 'False', NULL)
INSERT INTO "CWM_TABLES" ("ID", "S_NAME", "DISPLAY_NAME", "S_TABLE_NAME", "PID", "SCHEMA_ID", "PAIXU_FX", "IS_CONNECT_TABLE", "IS_SHOW", "DETAIL_TEXT", "DESCRIPTION", "BIG_IMAGE", "NOR_IMAGE", "SMA_IMAGE", "CATEGORY", "IS_VALID", "ORDER_SIGN", "CITE", "SECRECY", "SECRECYABLE", "MAP_TABLE", "SHARE_TYPE", "SHAREABLE", "COL_SUM") VALUES ('#SEQ_CWM_TABLES-5#', 'T_JLSB', '计量设备', 'T_JLSB_#SEQ_CWM_SCHEMA-1#', NULL, '#SEQ_CWM_SCHEMA-1#', 'ASC', NULL, 'True', NULL, NULL, NULL, NULL, NULL, NULL, '1', '4', '//@数据类/@children.4', NULL, 'False', NULL, '0', 'False', NULL)
INSERT INTO "CWM_TABLES" ("ID", "S_NAME", "DISPLAY_NAME", "S_TABLE_NAME", "PID", "SCHEMA_ID", "PAIXU_FX", "IS_CONNECT_TABLE", "IS_SHOW", "DETAIL_TEXT", "DESCRIPTION", "BIG_IMAGE", "NOR_IMAGE", "SMA_IMAGE", "CATEGORY", "IS_VALID", "ORDER_SIGN", "CITE", "SECRECY", "SECRECYABLE", "MAP_TABLE", "SHARE_TYPE", "SHAREABLE", "COL_SUM") VALUES ('#SEQ_CWM_TABLES-6#', 'T_JLSBFL', '计量设备分类', 'T_JLSBFL_#SEQ_CWM_SCHEMA-1#', NULL, '#SEQ_CWM_SCHEMA-1#', 'ASC', NULL, 'True', NULL, NULL, NULL, NULL, NULL, NULL, '0', '4', '//@数据类/@children.4', NULL, 'False', NULL, '0', 'False', NULL)
INSERT INTO "CWM_TABLES" ("ID", "S_NAME", "DISPLAY_NAME", "S_TABLE_NAME", "PID", "SCHEMA_ID", "PAIXU_FX", "IS_CONNECT_TABLE", "IS_SHOW", "DETAIL_TEXT", "DESCRIPTION", "BIG_IMAGE", "NOR_IMAGE", "SMA_IMAGE", "CATEGORY", "IS_VALID", "ORDER_SIGN", "CITE", "SECRECY", "SECRECYABLE", "MAP_TABLE", "SHARE_TYPE", "SHAREABLE", "COL_SUM") VALUES ('#SEQ_CWM_TABLES-7#', 'T_SBJLJL', '设备计量记录', 'T_SBJLJL_#SEQ_CWM_SCHEMA-1#', NULL, '#SEQ_CWM_SCHEMA-1#', 'ASC', NULL, 'True', NULL, NULL, NULL, NULL, NULL, NULL, '1', '5', '//@数据类/@children.5', NULL, 'False', NULL, '0', 'False', NULL)
INSERT INTO "CWM_TABLES" ("ID", "S_NAME", "DISPLAY_NAME", "S_TABLE_NAME", "PID", "SCHEMA_ID", "PAIXU_FX", "IS_CONNECT_TABLE", "IS_SHOW", "DETAIL_TEXT", "DESCRIPTION", "BIG_IMAGE", "NOR_IMAGE", "SMA_IMAGE", "CATEGORY", "IS_VALID", "ORDER_SIGN", "CITE", "SECRECY", "SECRECYABLE", "MAP_TABLE", "SHARE_TYPE", "SHAREABLE", "COL_SUM") VALUES ('#SEQ_CWM_TABLES-8#', 'T_JLSBFL', '计量分类', 'T_JLSBFL_#SEQ_CWM_SCHEMA-1#', NULL, '#SEQ_CWM_SCHEMA-1#', 'ASC', NULL, 'True', NULL, NULL, NULL, NULL, NULL, NULL, '0', '6', '//@数据类/@children.6', NULL, 'False', NULL, '0', 'False', NULL)
INSERT INTO "CWM_TABLES" ("ID", "S_NAME", "DISPLAY_NAME", "S_TABLE_NAME", "PID", "SCHEMA_ID", "PAIXU_FX", "IS_CONNECT_TABLE", "IS_SHOW", "DETAIL_TEXT", "DESCRIPTION", "BIG_IMAGE", "NOR_IMAGE", "SMA_IMAGE", "CATEGORY", "IS_VALID", "ORDER_SIGN", "CITE", "SECRECY", "SECRECYABLE", "MAP_TABLE", "SHARE_TYPE", "SHAREABLE", "COL_SUM") VALUES ('#SEQ_CWM_TABLES-9#', 'T_JLFL', '计量分类', 'T_JLFL_#SEQ_CWM_SCHEMA-1#', NULL, '#SEQ_CWM_SCHEMA-1#', 'ASC', NULL, 'True', NULL, NULL, NULL, NULL, NULL, NULL, '1', '6', '//@数据类/@children.6', NULL, 'False', NULL, '0', 'False', NULL)
INSERT INTO "CWM_TABLES" ("ID", "S_NAME", "DISPLAY_NAME", "S_TABLE_NAME", "PID", "SCHEMA_ID", "PAIXU_FX", "IS_CONNECT_TABLE", "IS_SHOW", "DETAIL_TEXT", "DESCRIPTION", "BIG_IMAGE", "NOR_IMAGE", "SMA_IMAGE", "CATEGORY", "IS_VALID", "ORDER_SIGN", "CITE", "SECRECY", "SECRECYABLE", "MAP_TABLE", "SHARE_TYPE", "SHAREABLE", "COL_SUM") VALUES ('#SEQ_CWM_TABLES-10#', 'T_RYFL', '人员分类', 'T_RYFL_#SEQ_CWM_SCHEMA-1#', NULL, '#SEQ_CWM_SCHEMA-1#', 'ASC', NULL, 'True', NULL, NULL, NULL, NULL, NULL, NULL, '1', '7', '//@数据类/@children.7', NULL, 'False', NULL, '0', 'False', NULL)
INSERT INTO "CWM_TABLES" ("ID", "S_NAME", "DISPLAY_NAME", "S_TABLE_NAME", "PID", "SCHEMA_ID", "PAIXU_FX", "IS_CONNECT_TABLE", "IS_SHOW", "DETAIL_TEXT", "DESCRIPTION", "BIG_IMAGE", "NOR_IMAGE", "SMA_IMAGE", "CATEGORY", "IS_VALID", "ORDER_SIGN", "CITE", "SECRECY", "SECRECYABLE", "MAP_TABLE", "SHARE_TYPE", "SHAREABLE", "COL_SUM") VALUES ('#SEQ_CWM_TABLES-11#', 'T_SYRY', '试验人员', 'T_SYRY_#SEQ_CWM_SCHEMA-1#', NULL, '#SEQ_CWM_SCHEMA-1#', 'ASC', NULL, 'True', NULL, NULL, NULL, NULL, NULL, NULL, '1', '8', '//@数据类/@children.8', NULL, 'False', NULL, '0', 'False', NULL)
INSERT INTO "CWM_TABLES" ("ID", "S_NAME", "DISPLAY_NAME", "S_TABLE_NAME", "PID", "SCHEMA_ID", "PAIXU_FX", "IS_CONNECT_TABLE", "IS_SHOW", "DETAIL_TEXT", "DESCRIPTION", "BIG_IMAGE", "NOR_IMAGE", "SMA_IMAGE", "CATEGORY", "IS_VALID", "ORDER_SIGN", "CITE", "SECRECY", "SECRECYABLE", "MAP_TABLE", "SHARE_TYPE", "SHAREABLE", "COL_SUM") VALUES ('#SEQ_CWM_TABLES-12#', 'T_SYTD', '试验团队', 'T_SYTD_#SEQ_CWM_SCHEMA-1#', NULL, '#SEQ_CWM_SCHEMA-1#', 'ASC', NULL, 'True', NULL, NULL, NULL, NULL, NULL, NULL, '1', '9', '//@数据类/@children.9', NULL, 'False', NULL, '0', 'False', NULL)
INSERT INTO "CWM_TABLES" ("ID", "S_NAME", "DISPLAY_NAME", "S_TABLE_NAME", "PID", "SCHEMA_ID", "PAIXU_FX", "IS_CONNECT_TABLE", "IS_SHOW", "DETAIL_TEXT", "DESCRIPTION", "BIG_IMAGE", "NOR_IMAGE", "SMA_IMAGE", "CATEGORY", "IS_VALID", "ORDER_SIGN", "CITE", "SECRECY", "SECRECYABLE", "MAP_TABLE", "SHARE_TYPE", "SHAREABLE", "COL_SUM") VALUES ('#SEQ_CWM_TABLES-13#', 'T_TD_RY', '团队人员', 'T_TD_RY_#SEQ_CWM_SCHEMA-1#', NULL, '#SEQ_CWM_SCHEMA-1#', 'ASC', NULL, 'True', NULL, NULL, NULL, NULL, NULL, NULL, '1', '10', '//@数据类/@children.10', NULL, 'False', NULL, '0', 'False', NULL)
INSERT INTO "CWM_TABLES" ("ID", "S_NAME", "DISPLAY_NAME", "S_TABLE_NAME", "PID", "SCHEMA_ID", "PAIXU_FX", "IS_CONNECT_TABLE", "IS_SHOW", "DETAIL_TEXT", "DESCRIPTION", "BIG_IMAGE", "NOR_IMAGE", "SMA_IMAGE", "CATEGORY", "IS_VALID", "ORDER_SIGN", "CITE", "SECRECY", "SECRECYABLE", "MAP_TABLE", "SHARE_TYPE", "SHAREABLE", "COL_SUM") VALUES ('#SEQ_CWM_TABLES-14#', 'T_SYJFL', '试验件分类', 'T_SYJFL_#SEQ_CWM_SCHEMA-1#', NULL, '#SEQ_CWM_SCHEMA-1#', 'ASC', NULL, 'True', NULL, NULL, NULL, NULL, NULL, NULL, '1', '11', '//@数据类/@children.11', NULL, 'False', NULL, '0', 'False', NULL)
INSERT INTO "CWM_TABLES" ("ID", "S_NAME", "DISPLAY_NAME", "S_TABLE_NAME", "PID", "SCHEMA_ID", "PAIXU_FX", "IS_CONNECT_TABLE", "IS_SHOW", "DETAIL_TEXT", "DESCRIPTION", "BIG_IMAGE", "NOR_IMAGE", "SMA_IMAGE", "CATEGORY", "IS_VALID", "ORDER_SIGN", "CITE", "SECRECY", "SECRECYABLE", "MAP_TABLE", "SHARE_TYPE", "SHAREABLE", "COL_SUM") VALUES ('#SEQ_CWM_TABLES-15#', 'T_SYJ', '试验件', 'T_SYJ_#SEQ_CWM_SCHEMA-1#', NULL, '#SEQ_CWM_SCHEMA-1#', 'ASC', NULL, 'True', NULL, NULL, NULL, NULL, NULL, NULL, '1', '12', '//@数据类/@children.12', NULL, 'False', NULL, '0', 'False', NULL)
INSERT INTO "CWM_TABLES" ("ID", "S_NAME", "DISPLAY_NAME", "S_TABLE_NAME", "PID", "SCHEMA_ID", "PAIXU_FX", "IS_CONNECT_TABLE", "IS_SHOW", "DETAIL_TEXT", "DESCRIPTION", "BIG_IMAGE", "NOR_IMAGE", "SMA_IMAGE", "CATEGORY", "IS_VALID", "ORDER_SIGN", "CITE", "SECRECY", "SECRECYABLE", "MAP_TABLE", "SHARE_TYPE", "SHAREABLE", "COL_SUM") VALUES ('#SEQ_CWM_TABLES-16#', 'T_YPFL', '样品分类', 'T_YPFL_#SEQ_CWM_SCHEMA-1#', NULL, '#SEQ_CWM_SCHEMA-1#', 'ASC', NULL, 'True', NULL, NULL, NULL, NULL, NULL, NULL, '1', '13', '//@数据类/@children.13', NULL, 'False', NULL, '0', 'False', NULL)
INSERT INTO "CWM_TABLES" ("ID", "S_NAME", "DISPLAY_NAME", "S_TABLE_NAME", "PID", "SCHEMA_ID", "PAIXU_FX", "IS_CONNECT_TABLE", "IS_SHOW", "DETAIL_TEXT", "DESCRIPTION", "BIG_IMAGE", "NOR_IMAGE", "SMA_IMAGE", "CATEGORY", "IS_VALID", "ORDER_SIGN", "CITE", "SECRECY", "SECRECYABLE", "MAP_TABLE", "SHARE_TYPE", "SHAREABLE", "COL_SUM") VALUES ('#SEQ_CWM_TABLES-17#', 'T_SYYP', '试验样品', 'T_SYYP_#SEQ_CWM_SCHEMA-1#', NULL, '#SEQ_CWM_SCHEMA-1#', 'ASC', NULL, 'True', NULL, NULL, NULL, NULL, NULL, NULL, '1', '14', '//@数据类/@children.14', NULL, 'False', NULL, '0', 'False', NULL)
INSERT INTO "CWM_TABLES" ("ID", "S_NAME", "DISPLAY_NAME", "S_TABLE_NAME", "PID", "SCHEMA_ID", "PAIXU_FX", "IS_CONNECT_TABLE", "IS_SHOW", "DETAIL_TEXT", "DESCRIPTION", "BIG_IMAGE", "NOR_IMAGE", "SMA_IMAGE", "CATEGORY", "IS_VALID", "ORDER_SIGN", "CITE", "SECRECY", "SECRECYABLE", "MAP_TABLE", "SHARE_TYPE", "SHAREABLE", "COL_SUM") VALUES ('#SEQ_CWM_TABLES-18#', 'T_HJFL', '环境分类', 'T_HJFL_#SEQ_CWM_SCHEMA-1#', NULL, '#SEQ_CWM_SCHEMA-1#', 'ASC', NULL, 'True', NULL, NULL, NULL, NULL, NULL, NULL, '1', '15', '//@数据类/@children.15', NULL, 'False', NULL, '0', 'False', NULL)
INSERT INTO "CWM_TABLES" ("ID", "S_NAME", "DISPLAY_NAME", "S_TABLE_NAME", "PID", "SCHEMA_ID", "PAIXU_FX", "IS_CONNECT_TABLE", "IS_SHOW", "DETAIL_TEXT", "DESCRIPTION", "BIG_IMAGE", "NOR_IMAGE", "SMA_IMAGE", "CATEGORY", "IS_VALID", "ORDER_SIGN", "CITE", "SECRECY", "SECRECYABLE", "MAP_TABLE", "SHARE_TYPE", "SHAREABLE", "COL_SUM") VALUES ('#SEQ_CWM_TABLES-19#', 'T_SYHJ', '试验环境', 'T_SYHJ_#SEQ_CWM_SCHEMA-1#', NULL, '#SEQ_CWM_SCHEMA-1#', 'ASC', NULL, 'True', NULL, NULL, NULL, NULL, NULL, NULL, '1', '16', '//@数据类/@children.16', NULL, 'False', NULL, '0', 'False', NULL)
INSERT INTO "CWM_TABLES" ("ID", "S_NAME", "DISPLAY_NAME", "S_TABLE_NAME", "PID", "SCHEMA_ID", "PAIXU_FX", "IS_CONNECT_TABLE", "IS_SHOW", "DETAIL_TEXT", "DESCRIPTION", "BIG_IMAGE", "NOR_IMAGE", "SMA_IMAGE", "CATEGORY", "IS_VALID", "ORDER_SIGN", "CITE", "SECRECY", "SECRECYABLE", "MAP_TABLE", "SHARE_TYPE", "SHAREABLE", "COL_SUM") VALUES ('#SEQ_CWM_TABLES-20#', 'T_SBBQ', '设备标签', 'T_SBBQ_#SEQ_CWM_SCHEMA-1#', NULL, '#SEQ_CWM_SCHEMA-1#', 'ASC', NULL, 'True', NULL, NULL, NULL, NULL, NULL, NULL, '1', '17', '//@数据类/@children.17', NULL, 'False', NULL, '0', 'False', NULL)
INSERT INTO "CWM_TABLES" ("ID", "S_NAME", "DISPLAY_NAME", "S_TABLE_NAME", "PID", "SCHEMA_ID", "PAIXU_FX", "IS_CONNECT_TABLE", "IS_SHOW", "DETAIL_TEXT", "DESCRIPTION", "BIG_IMAGE", "NOR_IMAGE", "SMA_IMAGE", "CATEGORY", "IS_VALID", "ORDER_SIGN", "CITE", "SECRECY", "SECRECYABLE", "MAP_TABLE", "SHARE_TYPE", "SHAREABLE", "COL_SUM") VALUES ('#SEQ_CWM_TABLES-21#', 'T_SBGZJL', '设备故障记录', 'T_SBGZJL_#SEQ_CWM_SCHEMA-1#', NULL, '#SEQ_CWM_SCHEMA-1#', 'ASC', NULL, 'True', NULL, NULL, NULL, NULL, NULL, NULL, '1', '18', '//@数据类/@children.18', NULL, 'False', NULL, '0', 'False', NULL)
INSERT INTO "CWM_TABLES" ("ID", "S_NAME", "DISPLAY_NAME", "S_TABLE_NAME", "PID", "SCHEMA_ID", "PAIXU_FX", "IS_CONNECT_TABLE", "IS_SHOW", "DETAIL_TEXT", "DESCRIPTION", "BIG_IMAGE", "NOR_IMAGE", "SMA_IMAGE", "CATEGORY", "IS_VALID", "ORDER_SIGN", "CITE", "SECRECY", "SECRECYABLE", "MAP_TABLE", "SHARE_TYPE", "SHAREABLE", "COL_SUM") VALUES ('#SEQ_CWM_TABLES-22#', 'T_SYXT', '试验系统', 'T_SYXT_#SEQ_CWM_SCHEMA-1#', NULL, '#SEQ_CWM_SCHEMA-1#', 'ASC', NULL, 'True', NULL, NULL, NULL, NULL, NULL, NULL, '1', '19', '//@数据类/@children.19', NULL, 'False', NULL, '0', 'False', NULL)

INSERT INTO "CWM_TAB_COLUMNS" ("ID", "S_NAME", "DISPLAY_NAME", "CATEGORY", "DESCRIPTION", "S_COLUMN_NAME", "TABLE_ID", "IS_WHO_SEARCH", "IS_FOR_SEARCH", "IS_INDEX", "OPERATE_SIGN", "PURPOSE", "CASESENSITIVE", "DEFAULT_VALUE", "IS_NULLABLE", "IS_ONLY", "IS_PK", "IS_AUTOINCREMENT", "RESTRICTION_ID", "TYPE", "SEQUENCE_NAME", "MAX_LENGTH", "MIN_LENGTH", "IS_SHOW", "IS_WRAP", "PROPERTY_PARAGRAPH", "PROPERTY_CATEGORY", "LINAGE", "IS_VALID", "IS_MUTI_UK", "IS_USED_PAIXU", "IS_NEED", "ORDER_SIGN", "CITE", "NUM_LENGTH", "NUM_PRECISION", "REF_VIEW_ID", "ARITH_ID", "ARITH_NAME", "ARITH_METHOD", "ARITH_TYPE", "MAP_COLUMN", "SEQ_VALUE", "EDITABLE", "SEQ_INTERVAL", "SELECTOR", "UNIT") VALUES ('#SEQ_CWM_TAB_COLUMNS-1#', 'C_NAME', '分类名称', '1', NULL, 'C_NAME_#SEQ_CWM_TABLES-1#', '#SEQ_CWM_TABLES-1#', 'False', 'False', 'False', 'like', '新增,修改,详细,列表', 'CaseInsensitive', NULL, 'True', 'False', NULL, 'False', NULL, 'String', NULL, '100', '0', 'True', 'False', NULL, NULL, '1', '1', NULL, NULL, NULL, '0', '//@数据类/@children.0/@普通属性.0', NULL, NULL, NULL, NULL, NULL, NULL, NULL, NULL, '1', '0', '1', NULL, NULL)
INSERT INTO "CWM_TAB_COLUMNS" ("ID", "S_NAME", "DISPLAY_NAME", "CATEGORY", "DESCRIPTION", "S_COLUMN_NAME", "TABLE_ID", "IS_WHO_SEARCH", "IS_FOR_SEARCH", "IS_INDEX", "OPERATE_SIGN", "PURPOSE", "CASESENSITIVE", "DEFAULT_VALUE", "IS_NULLABLE", "IS_ONLY", "IS_PK", "IS_AUTOINCREMENT", "RESTRICTION_ID", "TYPE", "SEQUENCE_NAME", "MAX_LENGTH", "MIN_LENGTH", "IS_SHOW", "IS_WRAP", "PROPERTY_PARAGRAPH", "PROPERTY_CATEGORY", "LINAGE", "IS_VALID", "IS_MUTI_UK", "IS_USED_PAIXU", "IS_NEED", "ORDER_SIGN", "CITE", "NUM_LENGTH", "NUM_PRECISION", "REF_VIEW_ID", "ARITH_ID", "ARITH_NAME", "ARITH_METHOD", "ARITH_TYPE", "MAP_COLUMN", "SEQ_VALUE", "EDITABLE", "SEQ_INTERVAL", "SELECTOR", "UNIT") VALUES ('#SEQ_CWM_TAB_COLUMNS-2#', 'SUB_TYPE', '子设备', '2', NULL, 'SUB_TYPE_#SEQ_CWM_TABLES-1#', '#SEQ_CWM_TABLES-1#', NULL, NULL, NULL, NULL, '新增,修改,详细,列表', NULL, NULL, NULL, NULL, NULL, NULL, NULL, 'String', NULL, NULL, NULL, 'True', NULL, NULL, NULL, NULL, '1', NULL, NULL, 'False', '2', '//@数据类/@children.0/@关系属性.2', NULL, NULL, NULL, NULL, NULL, NULL, NULL, NULL, NULL, NULL, NULL, NULL, NULL)
INSERT INTO "CWM_TAB_COLUMNS" ("ID", "S_NAME", "DISPLAY_NAME", "CATEGORY", "DESCRIPTION", "S_COLUMN_NAME", "TABLE_ID", "IS_WHO_SEARCH", "IS_FOR_SEARCH", "IS_INDEX", "OPERATE_SIGN", "PURPOSE", "CASESENSITIVE", "DEFAULT_VALUE", "IS_NULLABLE", "IS_ONLY", "IS_PK", "IS_AUTOINCREMENT", "RESTRICTION_ID", "TYPE", "SEQUENCE_NAME", "MAX_LENGTH", "MIN_LENGTH", "IS_SHOW", "IS_WRAP", "PROPERTY_PARAGRAPH", "PROPERTY_CATEGORY", "LINAGE", "IS_VALID", "IS_MUTI_UK", "IS_USED_PAIXU", "IS_NEED", "ORDER_SIGN", "CITE", "NUM_LENGTH", "NUM_PRECISION", "REF_VIEW_ID", "ARITH_ID", "ARITH_NAME", "ARITH_METHOD", "ARITH_TYPE", "MAP_COLUMN", "SEQ_VALUE", "EDITABLE", "SEQ_INTERVAL", "SELECTOR", "UNIT") VALUES ('#SEQ_CWM_TAB_COLUMNS-3#', 'C_DESC', '描述', '1', NULL, 'C_DESC_#SEQ_CWM_TABLES-1#', '#SEQ_CWM_TABLES-1#', 'False', 'False', 'False', 'like', '新增,修改,详细,列表', 'CaseInsensitive', NULL, 'False', 'False', NULL, 'False', NULL, 'String', NULL, '100', '0', 'True', 'False', NULL, NULL, '1', '1', NULL, NULL, NULL, '1', '//@数据类/@children.0/@普通属性.1', NULL, NULL, NULL, NULL, NULL, NULL, NULL, NULL, '1', '0', '1', NULL, NULL)
INSERT INTO "CWM_TAB_COLUMNS" ("ID", "S_NAME", "DISPLAY_NAME", "CATEGORY", "DESCRIPTION", "S_COLUMN_NAME", "TABLE_ID", "IS_WHO_SEARCH", "IS_FOR_SEARCH", "IS_INDEX", "OPERATE_SIGN", "PURPOSE", "CASESENSITIVE", "DEFAULT_VALUE", "IS_NULLABLE", "IS_ONLY", "IS_PK", "IS_AUTOINCREMENT", "RESTRICTION_ID", "TYPE", "SEQUENCE_NAME", "MAX_LENGTH", "MIN_LENGTH", "IS_SHOW", "IS_WRAP", "PROPERTY_PARAGRAPH", "PROPERTY_CATEGORY", "LINAGE", "IS_VALID", "IS_MUTI_UK", "IS_USED_PAIXU", "IS_NEED", "ORDER_SIGN", "CITE", "NUM_LENGTH", "NUM_PRECISION", "REF_VIEW_ID", "ARITH_ID", "ARITH_NAME", "ARITH_METHOD", "ARITH_TYPE", "MAP_COLUMN", "SEQ_VALUE", "EDITABLE", "SEQ_INTERVAL", "SELECTOR", "UNIT") VALUES ('#SEQ_CWM_TAB_COLUMNS-4#', 'P_TYPE', '所属分类', '2', NULL, 'P_TYPE_#SEQ_CWM_TABLES-1#', '#SEQ_CWM_TABLES-1#', NULL, NULL, NULL, NULL, '新增,修改,详细,列表', NULL, NULL, NULL, NULL, NULL, NULL, NULL, 'String', NULL, NULL, NULL, 'True', NULL, NULL, NULL, NULL, '1', NULL, NULL, 'False', '1', '//@数据类/@children.0/@关系属性.1', NULL, NULL, NULL, NULL, NULL, NULL, NULL, NULL, NULL, NULL, NULL, NULL, NULL)
INSERT INTO "CWM_TAB_COLUMNS" ("ID", "S_NAME", "DISPLAY_NAME", "CATEGORY", "DESCRIPTION", "S_COLUMN_NAME", "TABLE_ID", "IS_WHO_SEARCH", "IS_FOR_SEARCH", "IS_INDEX", "OPERATE_SIGN", "PURPOSE", "CASESENSITIVE", "DEFAULT_VALUE", "IS_NULLABLE", "IS_ONLY", "IS_PK", "IS_AUTOINCREMENT", "RESTRICTION_ID", "TYPE", "SEQUENCE_NAME", "MAX_LENGTH", "MIN_LENGTH", "IS_SHOW", "IS_WRAP", "PROPERTY_PARAGRAPH", "PROPERTY_CATEGORY", "LINAGE", "IS_VALID", "IS_MUTI_UK", "IS_USED_PAIXU", "IS_NEED", "ORDER_SIGN", "CITE", "NUM_LENGTH", "NUM_PRECISION", "REF_VIEW_ID", "ARITH_ID", "ARITH_NAME", "ARITH_METHOD", "ARITH_TYPE", "MAP_COLUMN", "SEQ_VALUE", "EDITABLE", "SEQ_INTERVAL", "SELECTOR", "UNIT") VALUES ('#SEQ_CWM_TAB_COLUMNS-5#', 'REF_DEVICE', '所属设备', '2', NULL, 'REF_DEVICE_#SEQ_CWM_TABLES-1#', '#SEQ_CWM_TABLES-1#', NULL, NULL, NULL, NULL, '新增,修改,详细,列表', NULL, NULL, NULL, NULL, NULL, NULL, NULL, 'String', NULL, NULL, NULL, 'True', NULL, NULL, NULL, NULL, '1', NULL, NULL, 'False', '0', '//@数据类/@children.0/@关系属性.0', NULL, NULL, NULL, NULL, NULL, NULL, NULL, NULL, NULL, NULL, NULL, NULL, NULL)
INSERT INTO "CWM_TAB_COLUMNS" ("ID", "S_NAME", "DISPLAY_NAME", "CATEGORY", "DESCRIPTION", "S_COLUMN_NAME", "TABLE_ID", "IS_WHO_SEARCH", "IS_FOR_SEARCH", "IS_INDEX", "OPERATE_SIGN", "PURPOSE", "CASESENSITIVE", "DEFAULT_VALUE", "IS_NULLABLE", "IS_ONLY", "IS_PK", "IS_AUTOINCREMENT", "RESTRICTION_ID", "TYPE", "SEQUENCE_NAME", "MAX_LENGTH", "MIN_LENGTH", "IS_SHOW", "IS_WRAP", "PROPERTY_PARAGRAPH", "PROPERTY_CATEGORY", "LINAGE", "IS_VALID", "IS_MUTI_UK", "IS_USED_PAIXU", "IS_NEED", "ORDER_SIGN", "CITE", "NUM_LENGTH", "NUM_PRECISION", "REF_VIEW_ID", "ARITH_ID", "ARITH_NAME", "ARITH_METHOD", "ARITH_TYPE", "MAP_COLUMN", "SEQ_VALUE", "EDITABLE", "SEQ_INTERVAL", "SELECTOR", "UNIT") VALUES ('#SEQ_CWM_TAB_COLUMNS-6#', 'C_CODE', '编号', '1', NULL, 'C_CODE_#SEQ_CWM_TABLES-2#', '#SEQ_CWM_TABLES-2#', 'False', 'False', 'False', 'like', '新增,修改,详细,列表', 'CaseInsensitive', NULL, 'False', 'False', NULL, 'False', NULL, 'String', NULL, '100', '0', 'True', 'False', NULL, NULL, '1', '1', NULL, NULL, NULL, '1', '//@数据类/@children.1/@普通属性.1', NULL, NULL, NULL, NULL, NULL, NULL, NULL, NULL, '1', '0', '1', NULL, NULL)
INSERT INTO "CWM_TAB_COLUMNS" ("ID", "S_NAME", "DISPLAY_NAME", "CATEGORY", "DESCRIPTION", "S_COLUMN_NAME", "TABLE_ID", "IS_WHO_SEARCH", "IS_FOR_SEARCH", "IS_INDEX", "OPERATE_SIGN", "PURPOSE", "CASESENSITIVE", "DEFAULT_VALUE", "IS_NULLABLE", "IS_ONLY", "IS_PK", "IS_AUTOINCREMENT", "RESTRICTION_ID", "TYPE", "SEQUENCE_NAME", "MAX_LENGTH", "MIN_LENGTH", "IS_SHOW", "IS_WRAP", "PROPERTY_PARAGRAPH", "PROPERTY_CATEGORY", "LINAGE", "IS_VALID", "IS_MUTI_UK", "IS_USED_PAIXU", "IS_NEED", "ORDER_SIGN", "CITE", "NUM_LENGTH", "NUM_PRECISION", "REF_VIEW_ID", "ARITH_ID", "ARITH_NAME", "ARITH_METHOD", "ARITH_TYPE", "MAP_COLUMN", "SEQ_VALUE", "EDITABLE", "SEQ_INTERVAL", "SELECTOR", "UNIT") VALUES ('#SEQ_CWM_TAB_COLUMNS-7#', 'REF_TYPE', '设备分类', '2', NULL, 'REF_TYPE_#SEQ_CWM_TABLES-2#', '#SEQ_CWM_TABLES-2#', NULL, NULL, NULL, NULL, '新增,修改,详细,列表', NULL, NULL, NULL, NULL, NULL, NULL, NULL, 'String', NULL, NULL, NULL, 'True', NULL, NULL, NULL, NULL, '1', NULL, NULL, 'False', '0', '//@数据类/@children.1/@关系属性.0', NULL, NULL, NULL, NULL, NULL, NULL, NULL, NULL, NULL, NULL, NULL, NULL, NULL)
INSERT INTO "CWM_TAB_COLUMNS" ("ID", "S_NAME", "DISPLAY_NAME", "CATEGORY", "DESCRIPTION", "S_COLUMN_NAME", "TABLE_ID", "IS_WHO_SEARCH", "IS_FOR_SEARCH", "IS_INDEX", "OPERATE_SIGN", "PURPOSE", "CASESENSITIVE", "DEFAULT_VALUE", "IS_NULLABLE", "IS_ONLY", "IS_PK", "IS_AUTOINCREMENT", "RESTRICTION_ID", "TYPE", "SEQUENCE_NAME", "MAX_LENGTH", "MIN_LENGTH", "IS_SHOW", "IS_WRAP", "PROPERTY_PARAGRAPH", "PROPERTY_CATEGORY", "LINAGE", "IS_VALID", "IS_MUTI_UK", "IS_USED_PAIXU", "IS_NEED", "ORDER_SIGN", "CITE", "NUM_LENGTH", "NUM_PRECISION", "REF_VIEW_ID", "ARITH_ID", "ARITH_NAME", "ARITH_METHOD", "ARITH_TYPE", "MAP_COLUMN", "SEQ_VALUE", "EDITABLE", "SEQ_INTERVAL", "SELECTOR", "UNIT") VALUES ('#SEQ_CWM_TAB_COLUMNS-8#', 'C_SBSX', '设备属性', '1', NULL, 'C_SBSX_#SEQ_CWM_TABLES-2#', '#SEQ_CWM_TABLES-2#', 'False', 'False', 'False', 'like', '新增,修改,详细,列表', 'CaseInsensitive', NULL, 'False', 'False', NULL, 'False', NULL, 'NameValue', NULL, '100', '0', 'True', 'False', NULL, NULL, '1', '1', NULL, NULL, NULL, '7', '//@数据类/@children.1/@普通属性.7', NULL, NULL, NULL, NULL, NULL, NULL, NULL, NULL, '1', '0', '1', NULL, NULL)
INSERT INTO "CWM_TAB_COLUMNS" ("ID", "S_NAME", "DISPLAY_NAME", "CATEGORY", "DESCRIPTION", "S_COLUMN_NAME", "TABLE_ID", "IS_WHO_SEARCH", "IS_FOR_SEARCH", "IS_INDEX", "OPERATE_SIGN", "PURPOSE", "CASESENSITIVE", "DEFAULT_VALUE", "IS_NULLABLE", "IS_ONLY", "IS_PK", "IS_AUTOINCREMENT", "RESTRICTION_ID", "TYPE", "SEQUENCE_NAME", "MAX_LENGTH", "MIN_LENGTH", "IS_SHOW", "IS_WRAP", "PROPERTY_PARAGRAPH", "PROPERTY_CATEGORY", "LINAGE", "IS_VALID", "IS_MUTI_UK", "IS_USED_PAIXU", "IS_NEED", "ORDER_SIGN", "CITE", "NUM_LENGTH", "NUM_PRECISION", "REF_VIEW_ID", "ARITH_ID", "ARITH_NAME", "ARITH_METHOD", "ARITH_TYPE", "MAP_COLUMN", "SEQ_VALUE", "EDITABLE", "SEQ_INTERVAL", "SELECTOR", "UNIT") VALUES ('#SEQ_CWM_TAB_COLUMNS-9#', 'C_SBBQ', '设备标签', '1', NULL, 'C_SBBQ_#SEQ_CWM_TABLES-2#', '#SEQ_CWM_TABLES-2#', 'False', 'False', 'False', 'like', '新增,修改,详细,列表', 'CaseInsensitive', NULL, 'False', 'False', NULL, 'False', NULL, 'String', NULL, '100', '0', 'True', 'False', NULL, NULL, '1', '1', NULL, NULL, NULL, '8', '//@数据类/@children.1/@普通属性.8', NULL, NULL, NULL, NULL, NULL, NULL, NULL, NULL, '1', '0', '1', '{"tableName":"T_SBBQ","schemaId":"DEVICE_SCHEMA_ID","multiSelect":"true","selectorType":"5"}', NULL)
INSERT INTO "CWM_TAB_COLUMNS" ("ID", "S_NAME", "DISPLAY_NAME", "CATEGORY", "DESCRIPTION", "S_COLUMN_NAME", "TABLE_ID", "IS_WHO_SEARCH", "IS_FOR_SEARCH", "IS_INDEX", "OPERATE_SIGN", "PURPOSE", "CASESENSITIVE", "DEFAULT_VALUE", "IS_NULLABLE", "IS_ONLY", "IS_PK", "IS_AUTOINCREMENT", "RESTRICTION_ID", "TYPE", "SEQUENCE_NAME", "MAX_LENGTH", "MIN_LENGTH", "IS_SHOW", "IS_WRAP", "PROPERTY_PARAGRAPH", "PROPERTY_CATEGORY", "LINAGE", "IS_VALID", "IS_MUTI_UK", "IS_USED_PAIXU", "IS_NEED", "ORDER_SIGN", "CITE", "NUM_LENGTH", "NUM_PRECISION", "REF_VIEW_ID", "ARITH_ID", "ARITH_NAME", "ARITH_METHOD", "ARITH_TYPE", "MAP_COLUMN", "SEQ_VALUE", "EDITABLE", "SEQ_INTERVAL", "SELECTOR", "UNIT") VALUES ('#SEQ_CWM_TAB_COLUMNS-10#', 'REF_SBSYJL', '设备使用记录', '2', NULL, 'REF_SBSYJL_#SEQ_CWM_TABLES-2#', '#SEQ_CWM_TABLES-2#', NULL, NULL, NULL, NULL, '新增,修改,详细,列表', NULL, NULL, NULL, NULL, NULL, NULL, NULL, 'String', NULL, NULL, NULL, 'True', NULL, NULL, NULL, NULL, '1', NULL, NULL, 'False', '1', '//@数据类/@children.1/@关系属性.1', NULL, NULL, NULL, NULL, NULL, NULL, NULL, NULL, NULL, NULL, NULL, NULL, NULL)
INSERT INTO "CWM_TAB_COLUMNS" ("ID", "S_NAME", "DISPLAY_NAME", "CATEGORY", "DESCRIPTION", "S_COLUMN_NAME", "TABLE_ID", "IS_WHO_SEARCH", "IS_FOR_SEARCH", "IS_INDEX", "OPERATE_SIGN", "PURPOSE", "CASESENSITIVE", "DEFAULT_VALUE", "IS_NULLABLE", "IS_ONLY", "IS_PK", "IS_AUTOINCREMENT", "RESTRICTION_ID", "TYPE", "SEQUENCE_NAME", "MAX_LENGTH", "MIN_LENGTH", "IS_SHOW", "IS_WRAP", "PROPERTY_PARAGRAPH", "PROPERTY_CATEGORY", "LINAGE", "IS_VALID", "IS_MUTI_UK", "IS_USED_PAIXU", "IS_NEED", "ORDER_SIGN", "CITE", "NUM_LENGTH", "NUM_PRECISION", "REF_VIEW_ID", "ARITH_ID", "ARITH_NAME", "ARITH_METHOD", "ARITH_TYPE", "MAP_COLUMN", "SEQ_VALUE", "EDITABLE", "SEQ_INTERVAL", "SELECTOR", "UNIT") VALUES ('#SEQ_CWM_TAB_COLUMNS-11#', 'REF_SBGZJL', '设备故障记录', '2', NULL, 'REF_SBGZJL_#SEQ_CWM_TABLES-2#', '#SEQ_CWM_TABLES-2#', NULL, NULL, NULL, NULL, '新增,修改,详细,列表', NULL, NULL, NULL, NULL, NULL, NULL, NULL, 'String', NULL, NULL, NULL, 'True', NULL, NULL, NULL, NULL, '1', NULL, NULL, 'False', '3', '//@数据类/@children.1/@关系属性.3', NULL, NULL, NULL, NULL, NULL, NULL, NULL, NULL, NULL, NULL, NULL, NULL, NULL)
INSERT INTO "CWM_TAB_COLUMNS" ("ID", "S_NAME", "DISPLAY_NAME", "CATEGORY", "DESCRIPTION", "S_COLUMN_NAME", "TABLE_ID", "IS_WHO_SEARCH", "IS_FOR_SEARCH", "IS_INDEX", "OPERATE_SIGN", "PURPOSE", "CASESENSITIVE", "DEFAULT_VALUE", "IS_NULLABLE", "IS_ONLY", "IS_PK", "IS_AUTOINCREMENT", "RESTRICTION_ID", "TYPE", "SEQUENCE_NAME", "MAX_LENGTH", "MIN_LENGTH", "IS_SHOW", "IS_WRAP", "PROPERTY_PARAGRAPH", "PROPERTY_CATEGORY", "LINAGE", "IS_VALID", "IS_MUTI_UK", "IS_USED_PAIXU", "IS_NEED", "ORDER_SIGN", "CITE", "NUM_LENGTH", "NUM_PRECISION", "REF_VIEW_ID", "ARITH_ID", "ARITH_NAME", "ARITH_METHOD", "ARITH_TYPE", "MAP_COLUMN", "SEQ_VALUE", "EDITABLE", "SEQ_INTERVAL", "SELECTOR", "UNIT") VALUES ('#SEQ_CWM_TAB_COLUMNS-12#', 'REF_SBWXJL', '设备维修记录', '2', NULL, 'REF_SBWXJL_#SEQ_CWM_TABLES-2#', '#SEQ_CWM_TABLES-2#', NULL, NULL, NULL, NULL, '新增,修改,详细,列表', NULL, NULL, NULL, NULL, NULL, NULL, NULL, 'String', NULL, NULL, NULL, 'True', NULL, NULL, NULL, NULL, '1', NULL, NULL, 'False', '2', '//@数据类/@children.1/@关系属性.2', NULL, NULL, NULL, NULL, NULL, NULL, NULL, NULL, NULL, NULL, NULL, NULL, NULL)
INSERT INTO "CWM_TAB_COLUMNS" ("ID", "S_NAME", "DISPLAY_NAME", "CATEGORY", "DESCRIPTION", "S_COLUMN_NAME", "TABLE_ID", "IS_WHO_SEARCH", "IS_FOR_SEARCH", "IS_INDEX", "OPERATE_SIGN", "PURPOSE", "CASESENSITIVE", "DEFAULT_VALUE", "IS_NULLABLE", "IS_ONLY", "IS_PK", "IS_AUTOINCREMENT", "RESTRICTION_ID", "TYPE", "SEQUENCE_NAME", "MAX_LENGTH", "MIN_LENGTH", "IS_SHOW", "IS_WRAP", "PROPERTY_PARAGRAPH", "PROPERTY_CATEGORY", "LINAGE", "IS_VALID", "IS_MUTI_UK", "IS_USED_PAIXU", "IS_NEED", "ORDER_SIGN", "CITE", "NUM_LENGTH", "NUM_PRECISION", "REF_VIEW_ID", "ARITH_ID", "ARITH_NAME", "ARITH_METHOD", "ARITH_TYPE", "MAP_COLUMN", "SEQ_VALUE", "EDITABLE", "SEQ_INTERVAL", "SELECTOR", "UNIT") VALUES ('#SEQ_CWM_TAB_COLUMNS-13#', 'C_STIME', '启用时间', '1', NULL, 'C_STIME_#SEQ_CWM_TABLES-2#', '#SEQ_CWM_TABLES-2#', 'False', 'False', 'False', 'like', '新增,修改,详细,列表', 'CaseInsensitive', NULL, 'False', 'False', NULL, 'False', NULL, 'Date', NULL, '100', '0', 'True', 'False', NULL, NULL, '1', '1', NULL, NULL, NULL, '3', '//@数据类/@children.1/@普通属性.3', NULL, NULL, NULL, NULL, NULL, NULL, NULL, NULL, '1', '0', '1', NULL, NULL)
INSERT INTO "CWM_TAB_COLUMNS" ("ID", "S_NAME", "DISPLAY_NAME", "CATEGORY", "DESCRIPTION", "S_COLUMN_NAME", "TABLE_ID", "IS_WHO_SEARCH", "IS_FOR_SEARCH", "IS_INDEX", "OPERATE_SIGN", "PURPOSE", "CASESENSITIVE", "DEFAULT_VALUE", "IS_NULLABLE", "IS_ONLY", "IS_PK", "IS_AUTOINCREMENT", "RESTRICTION_ID", "TYPE", "SEQUENCE_NAME", "MAX_LENGTH", "MIN_LENGTH", "IS_SHOW", "IS_WRAP", "PROPERTY_PARAGRAPH", "PROPERTY_CATEGORY", "LINAGE", "IS_VALID", "IS_MUTI_UK", "IS_USED_PAIXU", "IS_NEED", "ORDER_SIGN", "CITE", "NUM_LENGTH", "NUM_PRECISION", "REF_VIEW_ID", "ARITH_ID", "ARITH_NAME", "ARITH_METHOD", "ARITH_TYPE", "MAP_COLUMN", "SEQ_VALUE", "EDITABLE", "SEQ_INTERVAL", "SELECTOR", "UNIT") VALUES ('#SEQ_CWM_TAB_COLUMNS-14#', 'C_USER', '负责人', '1', NULL, 'C_USER_#SEQ_CWM_TABLES-2#', '#SEQ_CWM_TABLES-2#', 'False', 'False', 'False', 'like', '新增,修改,详细,列表', 'CaseInsensitive', NULL, 'False', 'False', NULL, 'False', NULL, 'String', NULL, '100', '0', 'True', 'False', NULL, NULL, '1', '1', NULL, NULL, NULL, '5', '//@数据类/@children.1/@普通属性.5', NULL, NULL, NULL, NULL, NULL, NULL, NULL, NULL, '1', '0', '1', '{"filterType":"1","filterValue":"","multiSelect":"false","selectorType":"1"}', NULL)
INSERT INTO "CWM_TAB_COLUMNS" ("ID", "S_NAME", "DISPLAY_NAME", "CATEGORY", "DESCRIPTION", "S_COLUMN_NAME", "TABLE_ID", "IS_WHO_SEARCH", "IS_FOR_SEARCH", "IS_INDEX", "OPERATE_SIGN", "PURPOSE", "CASESENSITIVE", "DEFAULT_VALUE", "IS_NULLABLE", "IS_ONLY", "IS_PK", "IS_AUTOINCREMENT", "RESTRICTION_ID", "TYPE", "SEQUENCE_NAME", "MAX_LENGTH", "MIN_LENGTH", "IS_SHOW", "IS_WRAP", "PROPERTY_PARAGRAPH", "PROPERTY_CATEGORY", "LINAGE", "IS_VALID", "IS_MUTI_UK", "IS_USED_PAIXU", "IS_NEED", "ORDER_SIGN", "CITE", "NUM_LENGTH", "NUM_PRECISION", "REF_VIEW_ID", "ARITH_ID", "ARITH_NAME", "ARITH_METHOD", "ARITH_TYPE", "MAP_COLUMN", "SEQ_VALUE", "EDITABLE", "SEQ_INTERVAL", "SELECTOR", "UNIT") VALUES ('#SEQ_CWM_TAB_COLUMNS-15#', 'C_STATE', '状态', '1', NULL, 'C_STATE_#SEQ_CWM_TABLES-2#', '#SEQ_CWM_TABLES-2#', 'False', 'False', 'False', 'like', '新增,修改,详细,列表', 'CaseInsensitive', NULL, 'True', 'False', NULL, 'False', '#SEQ_CWM_RESTRICTION-5#', 'String', NULL, '100', '0', 'True', 'False', NULL, NULL, '1', '1', NULL, NULL, NULL, '6', '//@数据类/@children.1/@普通属性.6', NULL, NULL, NULL, NULL, NULL, NULL, NULL, NULL, '1', '0', '1', NULL, NULL)
INSERT INTO "CWM_TAB_COLUMNS" ("ID", "S_NAME", "DISPLAY_NAME", "CATEGORY", "DESCRIPTION", "S_COLUMN_NAME", "TABLE_ID", "IS_WHO_SEARCH", "IS_FOR_SEARCH", "IS_INDEX", "OPERATE_SIGN", "PURPOSE", "CASESENSITIVE", "DEFAULT_VALUE", "IS_NULLABLE", "IS_ONLY", "IS_PK", "IS_AUTOINCREMENT", "RESTRICTION_ID", "TYPE", "SEQUENCE_NAME", "MAX_LENGTH", "MIN_LENGTH", "IS_SHOW", "IS_WRAP", "PROPERTY_PARAGRAPH", "PROPERTY_CATEGORY", "LINAGE", "IS_VALID", "IS_MUTI_UK", "IS_USED_PAIXU", "IS_NEED", "ORDER_SIGN", "CITE", "NUM_LENGTH", "NUM_PRECISION", "REF_VIEW_ID", "ARITH_ID", "ARITH_NAME", "ARITH_METHOD", "ARITH_TYPE", "MAP_COLUMN", "SEQ_VALUE", "EDITABLE", "SEQ_INTERVAL", "SELECTOR", "UNIT") VALUES ('#SEQ_CWM_TAB_COLUMNS-16#', 'C_GG', '规格', '1', NULL, 'C_GG_#SEQ_CWM_TABLES-2#', '#SEQ_CWM_TABLES-2#', 'False', 'False', 'False', 'like', '新增,修改,详细,列表', 'CaseInsensitive', NULL, 'False', 'False', NULL, 'False', NULL, 'String', NULL, '100', '0', 'True', 'False', NULL, NULL, '1', '1', NULL, NULL, NULL, '2', '//@数据类/@children.1/@普通属性.2', NULL, NULL, NULL, NULL, NULL, NULL, NULL, NULL, '1', '0', '1', NULL, NULL)
INSERT INTO "CWM_TAB_COLUMNS" ("ID", "S_NAME", "DISPLAY_NAME", "CATEGORY", "DESCRIPTION", "S_COLUMN_NAME", "TABLE_ID", "IS_WHO_SEARCH", "IS_FOR_SEARCH", "IS_INDEX", "OPERATE_SIGN", "PURPOSE", "CASESENSITIVE", "DEFAULT_VALUE", "IS_NULLABLE", "IS_ONLY", "IS_PK", "IS_AUTOINCREMENT", "RESTRICTION_ID", "TYPE", "SEQUENCE_NAME", "MAX_LENGTH", "MIN_LENGTH", "IS_SHOW", "IS_WRAP", "PROPERTY_PARAGRAPH", "PROPERTY_CATEGORY", "LINAGE", "IS_VALID", "IS_MUTI_UK", "IS_USED_PAIXU", "IS_NEED", "ORDER_SIGN", "CITE", "NUM_LENGTH", "NUM_PRECISION", "REF_VIEW_ID", "ARITH_ID", "ARITH_NAME", "ARITH_METHOD", "ARITH_TYPE", "MAP_COLUMN", "SEQ_VALUE", "EDITABLE", "SEQ_INTERVAL", "SELECTOR", "UNIT") VALUES ('#SEQ_CWM_TAB_COLUMNS-17#', 'C_NAME', '名称', '1', NULL, 'C_NAME_#SEQ_CWM_TABLES-2#', '#SEQ_CWM_TABLES-2#', 'False', 'False', 'False', 'like', '新增,修改,详细,列表', 'CaseInsensitive', NULL, 'True', 'False', NULL, 'False', NULL, 'String', NULL, '100', '0', 'True', 'False', NULL, NULL, '1', '1', NULL, NULL, NULL, '0', '//@数据类/@children.1/@普通属性.0', NULL, NULL, NULL, NULL, NULL, NULL, NULL, NULL, '1', '0', '1', NULL, NULL)
INSERT INTO "CWM_TAB_COLUMNS" ("ID", "S_NAME", "DISPLAY_NAME", "CATEGORY", "DESCRIPTION", "S_COLUMN_NAME", "TABLE_ID", "IS_WHO_SEARCH", "IS_FOR_SEARCH", "IS_INDEX", "OPERATE_SIGN", "PURPOSE", "CASESENSITIVE", "DEFAULT_VALUE", "IS_NULLABLE", "IS_ONLY", "IS_PK", "IS_AUTOINCREMENT", "RESTRICTION_ID", "TYPE", "SEQUENCE_NAME", "MAX_LENGTH", "MIN_LENGTH", "IS_SHOW", "IS_WRAP", "PROPERTY_PARAGRAPH", "PROPERTY_CATEGORY", "LINAGE", "IS_VALID", "IS_MUTI_UK", "IS_USED_PAIXU", "IS_NEED", "ORDER_SIGN", "CITE", "NUM_LENGTH", "NUM_PRECISION", "REF_VIEW_ID", "ARITH_ID", "ARITH_NAME", "ARITH_METHOD", "ARITH_TYPE", "MAP_COLUMN", "SEQ_VALUE", "EDITABLE", "SEQ_INTERVAL", "SELECTOR", "UNIT") VALUES ('#SEQ_CWM_TAB_COLUMNS-18#', 'C_DEPT', '部门', '1', NULL, 'C_DEPT_#SEQ_CWM_TABLES-2#', '#SEQ_CWM_TABLES-2#', 'False', 'False', 'False', 'like', '新增,修改,详细,列表', 'CaseInsensitive', NULL, 'False', 'False', NULL, 'False', NULL, 'String', NULL, '100', '0', 'True', 'False', NULL, NULL, '1', '1', NULL, NULL, NULL, '4', '//@数据类/@children.1/@普通属性.4', NULL, NULL, NULL, NULL, NULL, NULL, NULL, NULL, '1', '0', '1', '{"filterType":"","filterValue":"","multiSelect":"false","selectorType":"0"}', NULL)
INSERT INTO "CWM_TAB_COLUMNS" ("ID", "S_NAME", "DISPLAY_NAME", "CATEGORY", "DESCRIPTION", "S_COLUMN_NAME", "TABLE_ID", "IS_WHO_SEARCH", "IS_FOR_SEARCH", "IS_INDEX", "OPERATE_SIGN", "PURPOSE", "CASESENSITIVE", "DEFAULT_VALUE", "IS_NULLABLE", "IS_ONLY", "IS_PK", "IS_AUTOINCREMENT", "RESTRICTION_ID", "TYPE", "SEQUENCE_NAME", "MAX_LENGTH", "MIN_LENGTH", "IS_SHOW", "IS_WRAP", "PROPERTY_PARAGRAPH", "PROPERTY_CATEGORY", "LINAGE", "IS_VALID", "IS_MUTI_UK", "IS_USED_PAIXU", "IS_NEED", "ORDER_SIGN", "CITE", "NUM_LENGTH", "NUM_PRECISION", "REF_VIEW_ID", "ARITH_ID", "ARITH_NAME", "ARITH_METHOD", "ARITH_TYPE", "MAP_COLUMN", "SEQ_VALUE", "EDITABLE", "SEQ_INTERVAL", "SELECTOR", "UNIT") VALUES ('#SEQ_CWM_TAB_COLUMNS-19#', 'C_WTDW', '委托单位', '1', NULL, 'C_WTDW_#SEQ_CWM_TABLES-3#', '#SEQ_CWM_TABLES-3#', 'False', 'False', 'False', 'like', '新增,修改,详细,列表', 'CaseInsensitive', NULL, 'False', 'False', NULL, 'False', NULL, 'String', NULL, '100', '0', 'True', 'False', NULL, NULL, '1', '1', NULL, NULL, NULL, '0', '//@数据类/@children.3/@普通属性.0', NULL, NULL, NULL, NULL, NULL, NULL, NULL, NULL, '1', '0', '1', NULL, NULL)
INSERT INTO "CWM_TAB_COLUMNS" ("ID", "S_NAME", "DISPLAY_NAME", "CATEGORY", "DESCRIPTION", "S_COLUMN_NAME", "TABLE_ID", "IS_WHO_SEARCH", "IS_FOR_SEARCH", "IS_INDEX", "OPERATE_SIGN", "PURPOSE", "CASESENSITIVE", "DEFAULT_VALUE", "IS_NULLABLE", "IS_ONLY", "IS_PK", "IS_AUTOINCREMENT", "RESTRICTION_ID", "TYPE", "SEQUENCE_NAME", "MAX_LENGTH", "MIN_LENGTH", "IS_SHOW", "IS_WRAP", "PROPERTY_PARAGRAPH", "PROPERTY_CATEGORY", "LINAGE", "IS_VALID", "IS_MUTI_UK", "IS_USED_PAIXU", "IS_NEED", "ORDER_SIGN", "CITE", "NUM_LENGTH", "NUM_PRECISION", "REF_VIEW_ID", "ARITH_ID", "ARITH_NAME", "ARITH_METHOD", "ARITH_TYPE", "MAP_COLUMN", "SEQ_VALUE", "EDITABLE", "SEQ_INTERVAL", "SELECTOR", "UNIT") VALUES ('#SEQ_CWM_TAB_COLUMNS-20#', 'C_WXSJ', '维护时间', '1', NULL, 'C_WXSJ_#SEQ_CWM_TABLES-3#', '#SEQ_CWM_TABLES-3#', 'False', 'False', 'False', 'like', '新增,修改,详细,列表', 'CaseInsensitive', NULL, 'False', 'False', NULL, 'False', NULL, 'Date', NULL, '100', '0', 'True', 'False', NULL, NULL, '1', '1', NULL, NULL, NULL, '1', '//@数据类/@children.3/@普通属性.1', NULL, NULL, NULL, NULL, NULL, NULL, NULL, NULL, '1', '0', '1', NULL, NULL)
INSERT INTO "CWM_TAB_COLUMNS" ("ID", "S_NAME", "DISPLAY_NAME", "CATEGORY", "DESCRIPTION", "S_COLUMN_NAME", "TABLE_ID", "IS_WHO_SEARCH", "IS_FOR_SEARCH", "IS_INDEX", "OPERATE_SIGN", "PURPOSE", "CASESENSITIVE", "DEFAULT_VALUE", "IS_NULLABLE", "IS_ONLY", "IS_PK", "IS_AUTOINCREMENT", "RESTRICTION_ID", "TYPE", "SEQUENCE_NAME", "MAX_LENGTH", "MIN_LENGTH", "IS_SHOW", "IS_WRAP", "PROPERTY_PARAGRAPH", "PROPERTY_CATEGORY", "LINAGE", "IS_VALID", "IS_MUTI_UK", "IS_USED_PAIXU", "IS_NEED", "ORDER_SIGN", "CITE", "NUM_LENGTH", "NUM_PRECISION", "REF_VIEW_ID", "ARITH_ID", "ARITH_NAME", "ARITH_METHOD", "ARITH_TYPE", "MAP_COLUMN", "SEQ_VALUE", "EDITABLE", "SEQ_INTERVAL", "SELECTOR", "UNIT") VALUES ('#SEQ_CWM_TAB_COLUMNS-21#', 'C_JJQK', '解决情况说明', '1', NULL, 'C_JJQK_#SEQ_CWM_TABLES-3#', '#SEQ_CWM_TABLES-3#', 'False', 'False', 'False', 'like', '新增,修改,详细,列表', 'CaseInsensitive', NULL, 'False', 'False', NULL, 'False', NULL, 'String', NULL, '100', '0', 'True', 'False', NULL, NULL, '1', '1', NULL, NULL, NULL, '4', '//@数据类/@children.3/@普通属性.4', NULL, NULL, NULL, NULL, NULL, NULL, NULL, NULL, '1', '0', '1', NULL, NULL)
INSERT INTO "CWM_TAB_COLUMNS" ("ID", "S_NAME", "DISPLAY_NAME", "CATEGORY", "DESCRIPTION", "S_COLUMN_NAME", "TABLE_ID", "IS_WHO_SEARCH", "IS_FOR_SEARCH", "IS_INDEX", "OPERATE_SIGN", "PURPOSE", "CASESENSITIVE", "DEFAULT_VALUE", "IS_NULLABLE", "IS_ONLY", "IS_PK", "IS_AUTOINCREMENT", "RESTRICTION_ID", "TYPE", "SEQUENCE_NAME", "MAX_LENGTH", "MIN_LENGTH", "IS_SHOW", "IS_WRAP", "PROPERTY_PARAGRAPH", "PROPERTY_CATEGORY", "LINAGE", "IS_VALID", "IS_MUTI_UK", "IS_USED_PAIXU", "IS_NEED", "ORDER_SIGN", "CITE", "NUM_LENGTH", "NUM_PRECISION", "REF_VIEW_ID", "ARITH_ID", "ARITH_NAME", "ARITH_METHOD", "ARITH_TYPE", "MAP_COLUMN", "SEQ_VALUE", "EDITABLE", "SEQ_INTERVAL", "SELECTOR", "UNIT") VALUES ('#SEQ_CWM_TAB_COLUMNS-22#', 'C_WXDH', '维修单号', '1', NULL, 'C_WXDH_#SEQ_CWM_TABLES-3#', '#SEQ_CWM_TABLES-3#', 'False', 'False', 'False', 'like', '新增,修改,详细,列表', 'CaseInsensitive', NULL, 'True', 'False', NULL, 'False', NULL, 'String', NULL, '100', '0', 'True', 'False', NULL, NULL, '1', '1', NULL, NULL, NULL, '3', '//@数据类/@children.3/@普通属性.3', NULL, NULL, NULL, NULL, NULL, NULL, NULL, NULL, '1', '0', '1', NULL, NULL)
INSERT INTO "CWM_TAB_COLUMNS" ("ID", "S_NAME", "DISPLAY_NAME", "CATEGORY", "DESCRIPTION", "S_COLUMN_NAME", "TABLE_ID", "IS_WHO_SEARCH", "IS_FOR_SEARCH", "IS_INDEX", "OPERATE_SIGN", "PURPOSE", "CASESENSITIVE", "DEFAULT_VALUE", "IS_NULLABLE", "IS_ONLY", "IS_PK", "IS_AUTOINCREMENT", "RESTRICTION_ID", "TYPE", "SEQUENCE_NAME", "MAX_LENGTH", "MIN_LENGTH", "IS_SHOW", "IS_WRAP", "PROPERTY_PARAGRAPH", "PROPERTY_CATEGORY", "LINAGE", "IS_VALID", "IS_MUTI_UK", "IS_USED_PAIXU", "IS_NEED", "ORDER_SIGN", "CITE", "NUM_LENGTH", "NUM_PRECISION", "REF_VIEW_ID", "ARITH_ID", "ARITH_NAME", "ARITH_METHOD", "ARITH_TYPE", "MAP_COLUMN", "SEQ_VALUE", "EDITABLE", "SEQ_INTERVAL", "SELECTOR", "UNIT") VALUES ('#SEQ_CWM_TAB_COLUMNS-23#', 'C_WHRY', '维护人员', '1', NULL, 'C_WHRY_#SEQ_CWM_TABLES-3#', '#SEQ_CWM_TABLES-3#', 'False', 'False', 'False', 'like', '新增,修改,详细,列表', 'CaseInsensitive', NULL, 'True', 'False', NULL, 'False', NULL, 'String', NULL, '100', '0', 'True', 'False', NULL, NULL, '1', '1', NULL, NULL, NULL, '2', '//@数据类/@children.3/@普通属性.2', NULL, NULL, NULL, NULL, NULL, NULL, NULL, NULL, '1', '0', '1', NULL, NULL)
INSERT INTO "CWM_TAB_COLUMNS" ("ID", "S_NAME", "DISPLAY_NAME", "CATEGORY", "DESCRIPTION", "S_COLUMN_NAME", "TABLE_ID", "IS_WHO_SEARCH", "IS_FOR_SEARCH", "IS_INDEX", "OPERATE_SIGN", "PURPOSE", "CASESENSITIVE", "DEFAULT_VALUE", "IS_NULLABLE", "IS_ONLY", "IS_PK", "IS_AUTOINCREMENT", "RESTRICTION_ID", "TYPE", "SEQUENCE_NAME", "MAX_LENGTH", "MIN_LENGTH", "IS_SHOW", "IS_WRAP", "PROPERTY_PARAGRAPH", "PROPERTY_CATEGORY", "LINAGE", "IS_VALID", "IS_MUTI_UK", "IS_USED_PAIXU", "IS_NEED", "ORDER_SIGN", "CITE", "NUM_LENGTH", "NUM_PRECISION", "REF_VIEW_ID", "ARITH_ID", "ARITH_NAME", "ARITH_METHOD", "ARITH_TYPE", "MAP_COLUMN", "SEQ_VALUE", "EDITABLE", "SEQ_INTERVAL", "SELECTOR", "UNIT") VALUES ('#SEQ_CWM_TAB_COLUMNS-24#', 'REF_SB', '设备', '2', NULL, 'REF_SB_#SEQ_CWM_TABLES-3#', '#SEQ_CWM_TABLES-3#', NULL, NULL, NULL, NULL, '新增,修改,详细,列表', NULL, NULL, NULL, NULL, NULL, NULL, NULL, 'String', NULL, NULL, NULL, 'True', NULL, NULL, NULL, NULL, '1', NULL, NULL, 'False', '0', '//@数据类/@children.3/@关系属性.0', NULL, NULL, NULL, NULL, NULL, NULL, NULL, NULL, NULL, NULL, NULL, NULL, NULL)
INSERT INTO "CWM_TAB_COLUMNS" ("ID", "S_NAME", "DISPLAY_NAME", "CATEGORY", "DESCRIPTION", "S_COLUMN_NAME", "TABLE_ID", "IS_WHO_SEARCH", "IS_FOR_SEARCH", "IS_INDEX", "OPERATE_SIGN", "PURPOSE", "CASESENSITIVE", "DEFAULT_VALUE", "IS_NULLABLE", "IS_ONLY", "IS_PK", "IS_AUTOINCREMENT", "RESTRICTION_ID", "TYPE", "SEQUENCE_NAME", "MAX_LENGTH", "MIN_LENGTH", "IS_SHOW", "IS_WRAP", "PROPERTY_PARAGRAPH", "PROPERTY_CATEGORY", "LINAGE", "IS_VALID", "IS_MUTI_UK", "IS_USED_PAIXU", "IS_NEED", "ORDER_SIGN", "CITE", "NUM_LENGTH", "NUM_PRECISION", "REF_VIEW_ID", "ARITH_ID", "ARITH_NAME", "ARITH_METHOD", "ARITH_TYPE", "MAP_COLUMN", "SEQ_VALUE", "EDITABLE", "SEQ_INTERVAL", "SELECTOR", "UNIT") VALUES ('#SEQ_CWM_TAB_COLUMNS-25#', 'C_SYCS', '使用次数', '1', NULL, 'C_SYCS_#SEQ_CWM_TABLES-4#', '#SEQ_CWM_TABLES-4#', 'False', 'False', 'False', 'like', '新增,修改,详细,列表', 'CaseInsensitive', NULL, 'False', 'False', NULL, 'False', NULL, 'Integer', NULL, '100', '0', 'True', 'False', NULL, NULL, '1', '1', NULL, NULL, NULL, '3', '//@数据类/@children.2/@普通属性.3', NULL, NULL, NULL, NULL, NULL, NULL, NULL, NULL, '1', '0', '1', NULL, NULL)
INSERT INTO "CWM_TAB_COLUMNS" ("ID", "S_NAME", "DISPLAY_NAME", "CATEGORY", "DESCRIPTION", "S_COLUMN_NAME", "TABLE_ID", "IS_WHO_SEARCH", "IS_FOR_SEARCH", "IS_INDEX", "OPERATE_SIGN", "PURPOSE", "CASESENSITIVE", "DEFAULT_VALUE", "IS_NULLABLE", "IS_ONLY", "IS_PK", "IS_AUTOINCREMENT", "RESTRICTION_ID", "TYPE", "SEQUENCE_NAME", "MAX_LENGTH", "MIN_LENGTH", "IS_SHOW", "IS_WRAP", "PROPERTY_PARAGRAPH", "PROPERTY_CATEGORY", "LINAGE", "IS_VALID", "IS_MUTI_UK", "IS_USED_PAIXU", "IS_NEED", "ORDER_SIGN", "CITE", "NUM_LENGTH", "NUM_PRECISION", "REF_VIEW_ID", "ARITH_ID", "ARITH_NAME", "ARITH_METHOD", "ARITH_TYPE", "MAP_COLUMN", "SEQ_VALUE", "EDITABLE", "SEQ_INTERVAL", "SELECTOR", "UNIT") VALUES ('#SEQ_CWM_TAB_COLUMNS-26#', 'C_JCSJ', '借出时间', '1', NULL, 'C_JCSJ_#SEQ_CWM_TABLES-4#', '#SEQ_CWM_TABLES-4#', 'False', 'False', 'False', 'like', '新增,修改,详细,列表', 'CaseInsensitive', NULL, 'False', 'False', NULL, 'False', NULL, 'DateTime', NULL, '100', '0', 'True', 'False', NULL, NULL, '1', '1', NULL, NULL, NULL, '1', '//@数据类/@children.2/@普通属性.1', NULL, NULL, NULL, NULL, NULL, NULL, NULL, NULL, '1', '0', '1', NULL, NULL)
INSERT INTO "CWM_TAB_COLUMNS" ("ID", "S_NAME", "DISPLAY_NAME", "CATEGORY", "DESCRIPTION", "S_COLUMN_NAME", "TABLE_ID", "IS_WHO_SEARCH", "IS_FOR_SEARCH", "IS_INDEX", "OPERATE_SIGN", "PURPOSE", "CASESENSITIVE", "DEFAULT_VALUE", "IS_NULLABLE", "IS_ONLY", "IS_PK", "IS_AUTOINCREMENT", "RESTRICTION_ID", "TYPE", "SEQUENCE_NAME", "MAX_LENGTH", "MIN_LENGTH", "IS_SHOW", "IS_WRAP", "PROPERTY_PARAGRAPH", "PROPERTY_CATEGORY", "LINAGE", "IS_VALID", "IS_MUTI_UK", "IS_USED_PAIXU", "IS_NEED", "ORDER_SIGN", "CITE", "NUM_LENGTH", "NUM_PRECISION", "REF_VIEW_ID", "ARITH_ID", "ARITH_NAME", "ARITH_METHOD", "ARITH_TYPE", "MAP_COLUMN", "SEQ_VALUE", "EDITABLE", "SEQ_INTERVAL", "SELECTOR", "UNIT") VALUES ('#SEQ_CWM_TAB_COLUMNS-27#', 'C_SYRW', '试验任务', '1', NULL, 'C_SYRW_#SEQ_CWM_TABLES-4#', '#SEQ_CWM_TABLES-4#', 'False', 'False', 'False', 'like', '新增,修改,详细,列表', 'CaseInsensitive', NULL, 'True', 'False', NULL, 'False', NULL, 'String', NULL, '100', '0', 'True', 'False', NULL, NULL, '1', '1', NULL, NULL, NULL, '0', '//@数据类/@children.2/@普通属性.0', NULL, NULL, NULL, NULL, NULL, NULL, NULL, NULL, '1', '0', '1', NULL, NULL)
INSERT INTO "CWM_TAB_COLUMNS" ("ID", "S_NAME", "DISPLAY_NAME", "CATEGORY", "DESCRIPTION", "S_COLUMN_NAME", "TABLE_ID", "IS_WHO_SEARCH", "IS_FOR_SEARCH", "IS_INDEX", "OPERATE_SIGN", "PURPOSE", "CASESENSITIVE", "DEFAULT_VALUE", "IS_NULLABLE", "IS_ONLY", "IS_PK", "IS_AUTOINCREMENT", "RESTRICTION_ID", "TYPE", "SEQUENCE_NAME", "MAX_LENGTH", "MIN_LENGTH", "IS_SHOW", "IS_WRAP", "PROPERTY_PARAGRAPH", "PROPERTY_CATEGORY", "LINAGE", "IS_VALID", "IS_MUTI_UK", "IS_USED_PAIXU", "IS_NEED", "ORDER_SIGN", "CITE", "NUM_LENGTH", "NUM_PRECISION", "REF_VIEW_ID", "ARITH_ID", "ARITH_NAME", "ARITH_METHOD", "ARITH_TYPE", "MAP_COLUMN", "SEQ_VALUE", "EDITABLE", "SEQ_INTERVAL", "SELECTOR", "UNIT") VALUES ('#SEQ_CWM_TAB_COLUMNS-28#', 'C_GHSJ', '归还时间', '1', NULL, 'C_GHSJ_#SEQ_CWM_TABLES-4#', '#SEQ_CWM_TABLES-4#', 'False', 'False', 'False', 'like', '新增,修改,详细,列表', 'CaseInsensitive', NULL, 'False', 'False', NULL, 'False', NULL, 'DateTime', NULL, '100', '0', 'True', 'False', NULL, NULL, '1', '1', NULL, NULL, NULL, '2', '//@数据类/@children.2/@普通属性.2', NULL, NULL, NULL, NULL, NULL, NULL, NULL, NULL, '1', '0', '1', NULL, NULL)
INSERT INTO "CWM_TAB_COLUMNS" ("ID", "S_NAME", "DISPLAY_NAME", "CATEGORY", "DESCRIPTION", "S_COLUMN_NAME", "TABLE_ID", "IS_WHO_SEARCH", "IS_FOR_SEARCH", "IS_INDEX", "OPERATE_SIGN", "PURPOSE", "CASESENSITIVE", "DEFAULT_VALUE", "IS_NULLABLE", "IS_ONLY", "IS_PK", "IS_AUTOINCREMENT", "RESTRICTION_ID", "TYPE", "SEQUENCE_NAME", "MAX_LENGTH", "MIN_LENGTH", "IS_SHOW", "IS_WRAP", "PROPERTY_PARAGRAPH", "PROPERTY_CATEGORY", "LINAGE", "IS_VALID", "IS_MUTI_UK", "IS_USED_PAIXU", "IS_NEED", "ORDER_SIGN", "CITE", "NUM_LENGTH", "NUM_PRECISION", "REF_VIEW_ID", "ARITH_ID", "ARITH_NAME", "ARITH_METHOD", "ARITH_TYPE", "MAP_COLUMN", "SEQ_VALUE", "EDITABLE", "SEQ_INTERVAL", "SELECTOR", "UNIT") VALUES ('#SEQ_CWM_TAB_COLUMNS-29#', 'REF_SB', '设备', '2', NULL, 'REF_SB_#SEQ_CWM_TABLES-4#', '#SEQ_CWM_TABLES-4#', NULL, NULL, NULL, NULL, '新增,修改,详细,列表', NULL, NULL, NULL, NULL, NULL, NULL, NULL, 'String', NULL, NULL, NULL, 'True', NULL, NULL, NULL, NULL, '1', NULL, NULL, 'False', '0', '//@数据类/@children.2/@关系属性.0', NULL, NULL, NULL, NULL, NULL, NULL, NULL, NULL, NULL, NULL, NULL, NULL, NULL)
INSERT INTO "CWM_TAB_COLUMNS" ("ID", "S_NAME", "DISPLAY_NAME", "CATEGORY", "DESCRIPTION", "S_COLUMN_NAME", "TABLE_ID", "IS_WHO_SEARCH", "IS_FOR_SEARCH", "IS_INDEX", "OPERATE_SIGN", "PURPOSE", "CASESENSITIVE", "DEFAULT_VALUE", "IS_NULLABLE", "IS_ONLY", "IS_PK", "IS_AUTOINCREMENT", "RESTRICTION_ID", "TYPE", "SEQUENCE_NAME", "MAX_LENGTH", "MIN_LENGTH", "IS_SHOW", "IS_WRAP", "PROPERTY_PARAGRAPH", "PROPERTY_CATEGORY", "LINAGE", "IS_VALID", "IS_MUTI_UK", "IS_USED_PAIXU", "IS_NEED", "ORDER_SIGN", "CITE", "NUM_LENGTH", "NUM_PRECISION", "REF_VIEW_ID", "ARITH_ID", "ARITH_NAME", "ARITH_METHOD", "ARITH_TYPE", "MAP_COLUMN", "SEQ_VALUE", "EDITABLE", "SEQ_INTERVAL", "SELECTOR", "UNIT") VALUES ('#SEQ_CWM_TAB_COLUMNS-30#', 'C_LLSM', '理论寿命', '1', NULL, 'C_LLSM_#SEQ_CWM_TABLES-5#', '#SEQ_CWM_TABLES-5#', 'False', 'False', 'False', 'like', '新增,修改,详细,列表', 'CaseInsensitive', NULL, 'False', 'False', NULL, 'False', NULL, 'String', NULL, '100', '0', 'True', 'False', NULL, NULL, '1', '1', NULL, NULL, NULL, '4', '//@数据类/@children.4/@普通属性.4', NULL, NULL, NULL, NULL, NULL, NULL, NULL, NULL, '1', '0', '1', NULL, NULL)
INSERT INTO "CWM_TAB_COLUMNS" ("ID", "S_NAME", "DISPLAY_NAME", "CATEGORY", "DESCRIPTION", "S_COLUMN_NAME", "TABLE_ID", "IS_WHO_SEARCH", "IS_FOR_SEARCH", "IS_INDEX", "OPERATE_SIGN", "PURPOSE", "CASESENSITIVE", "DEFAULT_VALUE", "IS_NULLABLE", "IS_ONLY", "IS_PK", "IS_AUTOINCREMENT", "RESTRICTION_ID", "TYPE", "SEQUENCE_NAME", "MAX_LENGTH", "MIN_LENGTH", "IS_SHOW", "IS_WRAP", "PROPERTY_PARAGRAPH", "PROPERTY_CATEGORY", "LINAGE", "IS_VALID", "IS_MUTI_UK", "IS_USED_PAIXU", "IS_NEED", "ORDER_SIGN", "CITE", "NUM_LENGTH", "NUM_PRECISION", "REF_VIEW_ID", "ARITH_ID", "ARITH_NAME", "ARITH_METHOD", "ARITH_TYPE", "MAP_COLUMN", "SEQ_VALUE", "EDITABLE", "SEQ_INTERVAL", "SELECTOR", "UNIT") VALUES ('#SEQ_CWM_TAB_COLUMNS-31#', 'C_JLSX', '计量属性', '1', NULL, 'C_JLSX_#SEQ_CWM_TABLES-5#', '#SEQ_CWM_TABLES-5#', 'False', 'False', 'False', 'like', '新增,修改,详细,列表', 'CaseInsensitive', NULL, 'False', 'False', NULL, 'False', NULL, 'NameValue', NULL, '100', '0', 'True', 'False', NULL, NULL, '1', '1', NULL, NULL, NULL, '15', '//@数据类/@children.4/@普通属性.15', NULL, NULL, NULL, NULL, NULL, NULL, NULL, NULL, '1', '0', '1', NULL, NULL)
INSERT INTO "CWM_TAB_COLUMNS" ("ID", "S_NAME", "DISPLAY_NAME", "CATEGORY", "DESCRIPTION", "S_COLUMN_NAME", "TABLE_ID", "IS_WHO_SEARCH", "IS_FOR_SEARCH", "IS_INDEX", "OPERATE_SIGN", "PURPOSE", "CASESENSITIVE", "DEFAULT_VALUE", "IS_NULLABLE", "IS_ONLY", "IS_PK", "IS_AUTOINCREMENT", "RESTRICTION_ID", "TYPE", "SEQUENCE_NAME", "MAX_LENGTH", "MIN_LENGTH", "IS_SHOW", "IS_WRAP", "PROPERTY_PARAGRAPH", "PROPERTY_CATEGORY", "LINAGE", "IS_VALID", "IS_MUTI_UK", "IS_USED_PAIXU", "IS_NEED", "ORDER_SIGN", "CITE", "NUM_LENGTH", "NUM_PRECISION", "REF_VIEW_ID", "ARITH_ID", "ARITH_NAME", "ARITH_METHOD", "ARITH_TYPE", "MAP_COLUMN", "SEQ_VALUE", "EDITABLE", "SEQ_INTERVAL", "SELECTOR", "UNIT") VALUES ('#SEQ_CWM_TAB_COLUMNS-32#', 'REF_SBJLJL', '设备计量记录', '2', NULL, 'REF_SBJLJL_#SEQ_CWM_TABLES-5#', '#SEQ_CWM_TABLES-5#', NULL, NULL, NULL, NULL, '新增,修改,详细,列表', NULL, NULL, NULL, NULL, NULL, NULL, NULL, 'String', NULL, NULL, NULL, 'True', NULL, NULL, NULL, NULL, '1', NULL, NULL, 'False', '0', '//@数据类/@children.4/@关系属性.0', NULL, NULL, NULL, NULL, NULL, NULL, NULL, NULL, NULL, NULL, NULL, NULL, NULL)
INSERT INTO "CWM_TAB_COLUMNS" ("ID", "S_NAME", "DISPLAY_NAME", "CATEGORY", "DESCRIPTION", "S_COLUMN_NAME", "TABLE_ID", "IS_WHO_SEARCH", "IS_FOR_SEARCH", "IS_INDEX", "OPERATE_SIGN", "PURPOSE", "CASESENSITIVE", "DEFAULT_VALUE", "IS_NULLABLE", "IS_ONLY", "IS_PK", "IS_AUTOINCREMENT", "RESTRICTION_ID", "TYPE", "SEQUENCE_NAME", "MAX_LENGTH", "MIN_LENGTH", "IS_SHOW", "IS_WRAP", "PROPERTY_PARAGRAPH", "PROPERTY_CATEGORY", "LINAGE", "IS_VALID", "IS_MUTI_UK", "IS_USED_PAIXU", "IS_NEED", "ORDER_SIGN", "CITE", "NUM_LENGTH", "NUM_PRECISION", "REF_VIEW_ID", "ARITH_ID", "ARITH_NAME", "ARITH_METHOD", "ARITH_TYPE", "MAP_COLUMN", "SEQ_VALUE", "EDITABLE", "SEQ_INTERVAL", "SELECTOR", "UNIT") VALUES ('#SEQ_CWM_TAB_COLUMNS-33#', 'C_JLBH', '计量编号', '1', NULL, 'C_JLBH_#SEQ_CWM_TABLES-5#', '#SEQ_CWM_TABLES-5#', 'False', 'False', 'False', 'like', '新增,修改,详细,列表', 'CaseInsensitive', NULL, 'True', 'False', NULL, 'False', NULL, 'String', NULL, '100', '0', 'True', 'False', NULL, NULL, '1', '1', NULL, NULL, NULL, '8', '//@数据类/@children.4/@普通属性.8', NULL, NULL, NULL, NULL, NULL, NULL, NULL, NULL, '1', '0', '1', NULL, NULL)
INSERT INTO "CWM_TAB_COLUMNS" ("ID", "S_NAME", "DISPLAY_NAME", "CATEGORY", "DESCRIPTION", "S_COLUMN_NAME", "TABLE_ID", "IS_WHO_SEARCH", "IS_FOR_SEARCH", "IS_INDEX", "OPERATE_SIGN", "PURPOSE", "CASESENSITIVE", "DEFAULT_VALUE", "IS_NULLABLE", "IS_ONLY", "IS_PK", "IS_AUTOINCREMENT", "RESTRICTION_ID", "TYPE", "SEQUENCE_NAME", "MAX_LENGTH", "MIN_LENGTH", "IS_SHOW", "IS_WRAP", "PROPERTY_PARAGRAPH", "PROPERTY_CATEGORY", "LINAGE", "IS_VALID", "IS_MUTI_UK", "IS_USED_PAIXU", "IS_NEED", "ORDER_SIGN", "CITE", "NUM_LENGTH", "NUM_PRECISION", "REF_VIEW_ID", "ARITH_ID", "ARITH_NAME", "ARITH_METHOD", "ARITH_TYPE", "MAP_COLUMN", "SEQ_VALUE", "EDITABLE", "SEQ_INTERVAL", "SELECTOR", "UNIT") VALUES ('#SEQ_CWM_TAB_COLUMNS-34#', 'C_JYZQ', '校验周期', '1', NULL, 'C_JYZQ_#SEQ_CWM_TABLES-5#', '#SEQ_CWM_TABLES-5#', 'False', 'False', 'False', 'like', '新增,修改,详细,列表', 'CaseInsensitive', NULL, 'True', 'False', NULL, 'False', NULL, 'Integer', NULL, '100', '0', 'True', 'False', NULL, NULL, '1', '1', NULL, NULL, NULL, '9', '//@数据类/@children.4/@普通属性.9', NULL, NULL, NULL, NULL, NULL, NULL, NULL, NULL, '1', '0', '1', NULL, NULL)
INSERT INTO "CWM_TAB_COLUMNS" ("ID", "S_NAME", "DISPLAY_NAME", "CATEGORY", "DESCRIPTION", "S_COLUMN_NAME", "TABLE_ID", "IS_WHO_SEARCH", "IS_FOR_SEARCH", "IS_INDEX", "OPERATE_SIGN", "PURPOSE", "CASESENSITIVE", "DEFAULT_VALUE", "IS_NULLABLE", "IS_ONLY", "IS_PK", "IS_AUTOINCREMENT", "RESTRICTION_ID", "TYPE", "SEQUENCE_NAME", "MAX_LENGTH", "MIN_LENGTH", "IS_SHOW", "IS_WRAP", "PROPERTY_PARAGRAPH", "PROPERTY_CATEGORY", "LINAGE", "IS_VALID", "IS_MUTI_UK", "IS_USED_PAIXU", "IS_NEED", "ORDER_SIGN", "CITE", "NUM_LENGTH", "NUM_PRECISION", "REF_VIEW_ID", "ARITH_ID", "ARITH_NAME", "ARITH_METHOD", "ARITH_TYPE", "MAP_COLUMN", "SEQ_VALUE", "EDITABLE", "SEQ_INTERVAL", "SELECTOR", "UNIT") VALUES ('#SEQ_CWM_TAB_COLUMNS-35#', 'C_GLZT', '管理状态', '1', NULL, 'C_GLZT_#SEQ_CWM_TABLES-5#', '#SEQ_CWM_TABLES-5#', 'False', 'False', 'False', 'like', '新增,修改,详细,列表', 'CaseInsensitive', NULL, 'False', 'False', NULL, 'False', '#SEQ_CWM_RESTRICTION-1#', 'String', NULL, '100', '0', 'True', 'False', NULL, NULL, '1', '1', NULL, NULL, NULL, '3', '//@数据类/@children.4/@普通属性.3', NULL, NULL, NULL, NULL, NULL, NULL, NULL, NULL, '1', '0', '1', NULL, NULL)
INSERT INTO "CWM_TAB_COLUMNS" ("ID", "S_NAME", "DISPLAY_NAME", "CATEGORY", "DESCRIPTION", "S_COLUMN_NAME", "TABLE_ID", "IS_WHO_SEARCH", "IS_FOR_SEARCH", "IS_INDEX", "OPERATE_SIGN", "PURPOSE", "CASESENSITIVE", "DEFAULT_VALUE", "IS_NULLABLE", "IS_ONLY", "IS_PK", "IS_AUTOINCREMENT", "RESTRICTION_ID", "TYPE", "SEQUENCE_NAME", "MAX_LENGTH", "MIN_LENGTH", "IS_SHOW", "IS_WRAP", "PROPERTY_PARAGRAPH", "PROPERTY_CATEGORY", "LINAGE", "IS_VALID", "IS_MUTI_UK", "IS_USED_PAIXU", "IS_NEED", "ORDER_SIGN", "CITE", "NUM_LENGTH", "NUM_PRECISION", "REF_VIEW_ID", "ARITH_ID", "ARITH_NAME", "ARITH_METHOD", "ARITH_TYPE", "MAP_COLUMN", "SEQ_VALUE", "EDITABLE", "SEQ_INTERVAL", "SELECTOR", "UNIT") VALUES ('#SEQ_CWM_TAB_COLUMNS-36#', 'REF_JLFL', '计量分类', '2', NULL, 'REF_JLFL_#SEQ_CWM_TABLES-5#', '#SEQ_CWM_TABLES-5#', NULL, NULL, NULL, NULL, '新增,修改,详细,列表', NULL, NULL, NULL, NULL, NULL, NULL, NULL, 'String', NULL, NULL, NULL, 'True', NULL, NULL, NULL, NULL, '1', NULL, NULL, 'True', '1', '//@数据类/@children.4/@关系属性.1', NULL, NULL, NULL, NULL, NULL, NULL, NULL, NULL, NULL, NULL, NULL, NULL, NULL)
INSERT INTO "CWM_TAB_COLUMNS" ("ID", "S_NAME", "DISPLAY_NAME", "CATEGORY", "DESCRIPTION", "S_COLUMN_NAME", "TABLE_ID", "IS_WHO_SEARCH", "IS_FOR_SEARCH", "IS_INDEX", "OPERATE_SIGN", "PURPOSE", "CASESENSITIVE", "DEFAULT_VALUE", "IS_NULLABLE", "IS_ONLY", "IS_PK", "IS_AUTOINCREMENT", "RESTRICTION_ID", "TYPE", "SEQUENCE_NAME", "MAX_LENGTH", "MIN_LENGTH", "IS_SHOW", "IS_WRAP", "PROPERTY_PARAGRAPH", "PROPERTY_CATEGORY", "LINAGE", "IS_VALID", "IS_MUTI_UK", "IS_USED_PAIXU", "IS_NEED", "ORDER_SIGN", "CITE", "NUM_LENGTH", "NUM_PRECISION", "REF_VIEW_ID", "ARITH_ID", "ARITH_NAME", "ARITH_METHOD", "ARITH_TYPE", "MAP_COLUMN", "SEQ_VALUE", "EDITABLE", "SEQ_INTERVAL", "SELECTOR", "UNIT") VALUES ('#SEQ_CWM_TAB_COLUMNS-37#', 'C_JYRY', '校验人员', '1', NULL, 'C_JYRY_#SEQ_CWM_TABLES-5#', '#SEQ_CWM_TABLES-5#', 'False', 'False', 'False', 'like', '新增,修改,详细,列表', 'CaseInsensitive', NULL, 'False', 'False', NULL, 'False', NULL, 'String', NULL, '100', '0', 'True', 'False', NULL, NULL, '1', '1', NULL, NULL, NULL, '2', '//@数据类/@children.4/@普通属性.2', NULL, NULL, NULL, NULL, NULL, NULL, NULL, NULL, '1', '0', '1', '{"filterType":"1","filterValue":"","multiSelect":"false","selectorType":"1"}', NULL)
INSERT INTO "CWM_TAB_COLUMNS" ("ID", "S_NAME", "DISPLAY_NAME", "CATEGORY", "DESCRIPTION", "S_COLUMN_NAME", "TABLE_ID", "IS_WHO_SEARCH", "IS_FOR_SEARCH", "IS_INDEX", "OPERATE_SIGN", "PURPOSE", "CASESENSITIVE", "DEFAULT_VALUE", "IS_NULLABLE", "IS_ONLY", "IS_PK", "IS_AUTOINCREMENT", "RESTRICTION_ID", "TYPE", "SEQUENCE_NAME", "MAX_LENGTH", "MIN_LENGTH", "IS_SHOW", "IS_WRAP", "PROPERTY_PARAGRAPH", "PROPERTY_CATEGORY", "LINAGE", "IS_VALID", "IS_MUTI_UK", "IS_USED_PAIXU", "IS_NEED", "ORDER_SIGN", "CITE", "NUM_LENGTH", "NUM_PRECISION", "REF_VIEW_ID", "ARITH_ID", "ARITH_NAME", "ARITH_METHOD", "ARITH_TYPE", "MAP_COLUMN", "SEQ_VALUE", "EDITABLE", "SEQ_INTERVAL", "SELECTOR", "UNIT") VALUES ('#SEQ_CWM_TAB_COLUMNS-38#', 'C_BZ', '备注', '1', NULL, 'C_BZ_#SEQ_CWM_TABLES-5#', '#SEQ_CWM_TABLES-5#', 'False', 'False', 'False', 'like', '新增,修改,详细,列表', 'CaseInsensitive', NULL, 'False', 'False', NULL, 'False', NULL, 'String', NULL, '100', '0', 'True', 'False', NULL, NULL, '1', '1', NULL, NULL, NULL, '7', '//@数据类/@children.4/@普通属性.7', NULL, NULL, NULL, NULL, NULL, NULL, NULL, NULL, '1', '0', '1', NULL, NULL)
INSERT INTO "CWM_TAB_COLUMNS" ("ID", "S_NAME", "DISPLAY_NAME", "CATEGORY", "DESCRIPTION", "S_COLUMN_NAME", "TABLE_ID", "IS_WHO_SEARCH", "IS_FOR_SEARCH", "IS_INDEX", "OPERATE_SIGN", "PURPOSE", "CASESENSITIVE", "DEFAULT_VALUE", "IS_NULLABLE", "IS_ONLY", "IS_PK", "IS_AUTOINCREMENT", "RESTRICTION_ID", "TYPE", "SEQUENCE_NAME", "MAX_LENGTH", "MIN_LENGTH", "IS_SHOW", "IS_WRAP", "PROPERTY_PARAGRAPH", "PROPERTY_CATEGORY", "LINAGE", "IS_VALID", "IS_MUTI_UK", "IS_USED_PAIXU", "IS_NEED", "ORDER_SIGN", "CITE", "NUM_LENGTH", "NUM_PRECISION", "REF_VIEW_ID", "ARITH_ID", "ARITH_NAME", "ARITH_METHOD", "ARITH_TYPE", "MAP_COLUMN", "SEQ_VALUE", "EDITABLE", "SEQ_INTERVAL", "SELECTOR", "UNIT") VALUES ('#SEQ_CWM_TAB_COLUMNS-39#', 'C_SJB', '数据表', '1', NULL, 'C_SJB_#SEQ_CWM_TABLES-5#', '#SEQ_CWM_TABLES-5#', 'False', 'False', 'False', 'like', '新增,修改,详细,列表', 'CaseInsensitive', NULL, 'False', 'False', NULL, 'False', NULL, 'String', NULL, '100', '0', 'True', 'False', NULL, NULL, '1', '1', NULL, NULL, NULL, '13', '//@数据类/@children.4/@普通属性.13', NULL, NULL, NULL, NULL, NULL, NULL, NULL, NULL, '1', '0', '1', NULL, NULL)
INSERT INTO "CWM_TAB_COLUMNS" ("ID", "S_NAME", "DISPLAY_NAME", "CATEGORY", "DESCRIPTION", "S_COLUMN_NAME", "TABLE_ID", "IS_WHO_SEARCH", "IS_FOR_SEARCH", "IS_INDEX", "OPERATE_SIGN", "PURPOSE", "CASESENSITIVE", "DEFAULT_VALUE", "IS_NULLABLE", "IS_ONLY", "IS_PK", "IS_AUTOINCREMENT", "RESTRICTION_ID", "TYPE", "SEQUENCE_NAME", "MAX_LENGTH", "MIN_LENGTH", "IS_SHOW", "IS_WRAP", "PROPERTY_PARAGRAPH", "PROPERTY_CATEGORY", "LINAGE", "IS_VALID", "IS_MUTI_UK", "IS_USED_PAIXU", "IS_NEED", "ORDER_SIGN", "CITE", "NUM_LENGTH", "NUM_PRECISION", "REF_VIEW_ID", "ARITH_ID", "ARITH_NAME", "ARITH_METHOD", "ARITH_TYPE", "MAP_COLUMN", "SEQ_VALUE", "EDITABLE", "SEQ_INTERVAL", "SELECTOR", "UNIT") VALUES ('#SEQ_CWM_TAB_COLUMNS-40#', 'C_MC', '名称', '1', NULL, 'C_MC_#SEQ_CWM_TABLES-5#', '#SEQ_CWM_TABLES-5#', 'False', 'False', 'False', 'like', '新增,修改,详细,列表', 'CaseInsensitive', NULL, 'False', 'False', NULL, 'False', NULL, 'String', NULL, '100', '0', 'True', 'False', NULL, NULL, '1', '1', NULL, NULL, NULL, '14', '//@数据类/@children.4/@普通属性.14', NULL, NULL, NULL, NULL, NULL, NULL, NULL, NULL, '1', '0', '1', NULL, NULL)
INSERT INTO "CWM_TAB_COLUMNS" ("ID", "S_NAME", "DISPLAY_NAME", "CATEGORY", "DESCRIPTION", "S_COLUMN_NAME", "TABLE_ID", "IS_WHO_SEARCH", "IS_FOR_SEARCH", "IS_INDEX", "OPERATE_SIGN", "PURPOSE", "CASESENSITIVE", "DEFAULT_VALUE", "IS_NULLABLE", "IS_ONLY", "IS_PK", "IS_AUTOINCREMENT", "RESTRICTION_ID", "TYPE", "SEQUENCE_NAME", "MAX_LENGTH", "MIN_LENGTH", "IS_SHOW", "IS_WRAP", "PROPERTY_PARAGRAPH", "PROPERTY_CATEGORY", "LINAGE", "IS_VALID", "IS_MUTI_UK", "IS_USED_PAIXU", "IS_NEED", "ORDER_SIGN", "CITE", "NUM_LENGTH", "NUM_PRECISION", "REF_VIEW_ID", "ARITH_ID", "ARITH_NAME", "ARITH_METHOD", "ARITH_TYPE", "MAP_COLUMN", "SEQ_VALUE", "EDITABLE", "SEQ_INTERVAL", "SELECTOR", "UNIT") VALUES ('#SEQ_CWM_TAB_COLUMNS-41#', 'C_LJSY', '累计使用', '1', NULL, 'C_LJSY_#SEQ_CWM_TABLES-5#', '#SEQ_CWM_TABLES-5#', 'False', 'False', 'False', 'like', '新增,修改,详细,列表', 'CaseInsensitive', NULL, 'False', 'False', NULL, 'False', NULL, 'String', NULL, '100', '0', 'True', 'False', NULL, NULL, '1', '1', NULL, NULL, NULL, '5', '//@数据类/@children.4/@普通属性.5', NULL, NULL, NULL, NULL, NULL, NULL, NULL, NULL, '1', '0', '1', NULL, NULL)
INSERT INTO "CWM_TAB_COLUMNS" ("ID", "S_NAME", "DISPLAY_NAME", "CATEGORY", "DESCRIPTION", "S_COLUMN_NAME", "TABLE_ID", "IS_WHO_SEARCH", "IS_FOR_SEARCH", "IS_INDEX", "OPERATE_SIGN", "PURPOSE", "CASESENSITIVE", "DEFAULT_VALUE", "IS_NULLABLE", "IS_ONLY", "IS_PK", "IS_AUTOINCREMENT", "RESTRICTION_ID", "TYPE", "SEQUENCE_NAME", "MAX_LENGTH", "MIN_LENGTH", "IS_SHOW", "IS_WRAP", "PROPERTY_PARAGRAPH", "PROPERTY_CATEGORY", "LINAGE", "IS_VALID", "IS_MUTI_UK", "IS_USED_PAIXU", "IS_NEED", "ORDER_SIGN", "CITE", "NUM_LENGTH", "NUM_PRECISION", "REF_VIEW_ID", "ARITH_ID", "ARITH_NAME", "ARITH_METHOD", "ARITH_TYPE", "MAP_COLUMN", "SEQ_VALUE", "EDITABLE", "SEQ_INTERVAL", "SELECTOR", "UNIT") VALUES ('#SEQ_CWM_TAB_COLUMNS-42#', 'C_XCJYRQ', '下次校验日期', '1', NULL, 'C_XCJYRQ_#SEQ_CWM_TABLES-5#', '#SEQ_CWM_TABLES-5#', 'False', 'False', 'False', 'like', '新增,修改,详细,列表', 'CaseInsensitive', NULL, 'False', 'False', NULL, 'False', NULL, 'Date', NULL, '100', '0', 'True', 'False', NULL, NULL, '1', '1', NULL, NULL, NULL, '1', '//@数据类/@children.4/@普通属性.1', NULL, NULL, NULL, NULL, NULL, NULL, NULL, NULL, '1', '0', '1', NULL, NULL)
INSERT INTO "CWM_TAB_COLUMNS" ("ID", "S_NAME", "DISPLAY_NAME", "CATEGORY", "DESCRIPTION", "S_COLUMN_NAME", "TABLE_ID", "IS_WHO_SEARCH", "IS_FOR_SEARCH", "IS_INDEX", "OPERATE_SIGN", "PURPOSE", "CASESENSITIVE", "DEFAULT_VALUE", "IS_NULLABLE", "IS_ONLY", "IS_PK", "IS_AUTOINCREMENT", "RESTRICTION_ID", "TYPE", "SEQUENCE_NAME", "MAX_LENGTH", "MIN_LENGTH", "IS_SHOW", "IS_WRAP", "PROPERTY_PARAGRAPH", "PROPERTY_CATEGORY", "LINAGE", "IS_VALID", "IS_MUTI_UK", "IS_USED_PAIXU", "IS_NEED", "ORDER_SIGN", "CITE", "NUM_LENGTH", "NUM_PRECISION", "REF_VIEW_ID", "ARITH_ID", "ARITH_NAME", "ARITH_METHOD", "ARITH_TYPE", "MAP_COLUMN", "SEQ_VALUE", "EDITABLE", "SEQ_INTERVAL", "SELECTOR", "UNIT") VALUES ('#SEQ_CWM_TAB_COLUMNS-43#', 'C_DATA_ID', '数据ID', '1', NULL, 'C_DATA_ID_#SEQ_CWM_TABLES-5#', '#SEQ_CWM_TABLES-5#', 'False', 'False', 'False', 'like', '新增,修改,详细,列表', 'CaseInsensitive', NULL, 'False', 'False', NULL, 'False', NULL, 'String', NULL, '100', '0', 'True', 'False', NULL, NULL, '1', '1', NULL, NULL, NULL, '12', '//@数据类/@children.4/@普通属性.12', NULL, NULL, NULL, NULL, NULL, NULL, NULL, NULL, '1', '0', '1', NULL, NULL)
INSERT INTO "CWM_TAB_COLUMNS" ("ID", "S_NAME", "DISPLAY_NAME", "CATEGORY", "DESCRIPTION", "S_COLUMN_NAME", "TABLE_ID", "IS_WHO_SEARCH", "IS_FOR_SEARCH", "IS_INDEX", "OPERATE_SIGN", "PURPOSE", "CASESENSITIVE", "DEFAULT_VALUE", "IS_NULLABLE", "IS_ONLY", "IS_PK", "IS_AUTOINCREMENT", "RESTRICTION_ID", "TYPE", "SEQUENCE_NAME", "MAX_LENGTH", "MIN_LENGTH", "IS_SHOW", "IS_WRAP", "PROPERTY_PARAGRAPH", "PROPERTY_CATEGORY", "LINAGE", "IS_VALID", "IS_MUTI_UK", "IS_USED_PAIXU", "IS_NEED", "ORDER_SIGN", "CITE", "NUM_LENGTH", "NUM_PRECISION", "REF_VIEW_ID", "ARITH_ID", "ARITH_NAME", "ARITH_METHOD", "ARITH_TYPE", "MAP_COLUMN", "SEQ_VALUE", "EDITABLE", "SEQ_INTERVAL", "SELECTOR", "UNIT") VALUES ('#SEQ_CWM_TAB_COLUMNS-44#', 'C_SCJYRQ', '上次校验日期', '1', NULL, 'C_SCJYRQ_#SEQ_CWM_TABLES-5#', '#SEQ_CWM_TABLES-5#', 'False', 'False', 'False', 'like', '新增,修改,详细,列表', 'CaseInsensitive', NULL, 'True', 'False', NULL, 'False', NULL, 'Date', NULL, '100', '0', 'True', 'False', NULL, NULL, '1', '1', NULL, NULL, NULL, '0', '//@数据类/@children.4/@普通属性.0', NULL, NULL, NULL, NULL, NULL, NULL, NULL, NULL, '1', '0', '1', NULL, NULL)
INSERT INTO "CWM_TAB_COLUMNS" ("ID", "S_NAME", "DISPLAY_NAME", "CATEGORY", "DESCRIPTION", "S_COLUMN_NAME", "TABLE_ID", "IS_WHO_SEARCH", "IS_FOR_SEARCH", "IS_INDEX", "OPERATE_SIGN", "PURPOSE", "CASESENSITIVE", "DEFAULT_VALUE", "IS_NULLABLE", "IS_ONLY", "IS_PK", "IS_AUTOINCREMENT", "RESTRICTION_ID", "TYPE", "SEQUENCE_NAME", "MAX_LENGTH", "MIN_LENGTH", "IS_SHOW", "IS_WRAP", "PROPERTY_PARAGRAPH", "PROPERTY_CATEGORY", "LINAGE", "IS_VALID", "IS_MUTI_UK", "IS_USED_PAIXU", "IS_NEED", "ORDER_SIGN", "CITE", "NUM_LENGTH", "NUM_PRECISION", "REF_VIEW_ID", "ARITH_ID", "ARITH_NAME", "ARITH_METHOD", "ARITH_TYPE", "MAP_COLUMN", "SEQ_VALUE", "EDITABLE", "SEQ_INTERVAL", "SELECTOR", "UNIT") VALUES ('#SEQ_CWM_TAB_COLUMNS-45#', 'C_TAB_NAME', '表名', '1', NULL, 'C_TAB_NAME_#SEQ_CWM_TABLES-5#', '#SEQ_CWM_TABLES-5#', 'False', 'False', 'False', 'like', '新增,修改,详细,列表', 'CaseInsensitive', NULL, 'False', 'False', NULL, 'False', NULL, 'String', NULL, '100', '0', 'True', 'False', NULL, NULL, '1', '1', NULL, NULL, NULL, '10', '//@数据类/@children.4/@普通属性.10', NULL, NULL, NULL, NULL, NULL, NULL, NULL, NULL, '1', '0', '1', NULL, NULL)
INSERT INTO "CWM_TAB_COLUMNS" ("ID", "S_NAME", "DISPLAY_NAME", "CATEGORY", "DESCRIPTION", "S_COLUMN_NAME", "TABLE_ID", "IS_WHO_SEARCH", "IS_FOR_SEARCH", "IS_INDEX", "OPERATE_SIGN", "PURPOSE", "CASESENSITIVE", "DEFAULT_VALUE", "IS_NULLABLE", "IS_ONLY", "IS_PK", "IS_AUTOINCREMENT", "RESTRICTION_ID", "TYPE", "SEQUENCE_NAME", "MAX_LENGTH", "MIN_LENGTH", "IS_SHOW", "IS_WRAP", "PROPERTY_PARAGRAPH", "PROPERTY_CATEGORY", "LINAGE", "IS_VALID", "IS_MUTI_UK", "IS_USED_PAIXU", "IS_NEED", "ORDER_SIGN", "CITE", "NUM_LENGTH", "NUM_PRECISION", "REF_VIEW_ID", "ARITH_ID", "ARITH_NAME", "ARITH_METHOD", "ARITH_TYPE", "MAP_COLUMN", "SEQ_VALUE", "EDITABLE", "SEQ_INTERVAL", "SELECTOR", "UNIT") VALUES ('#SEQ_CWM_TAB_COLUMNS-46#', 'C_SCHEMA_ID', '表ID', '1', NULL, 'C_SCHEMA_ID_#SEQ_CWM_TABLES-5#', '#SEQ_CWM_TABLES-5#', 'False', 'False', 'False', 'like', '新增,修改,详细,列表', 'CaseInsensitive', NULL, 'False', 'False', NULL, 'False', NULL, 'String', NULL, '100', '0', 'True', 'False', NULL, NULL, '1', '1', NULL, NULL, NULL, '11', '//@数据类/@children.4/@普通属性.11', NULL, NULL, NULL, NULL, NULL, NULL, NULL, NULL, '1', '0', '1', NULL, NULL)
INSERT INTO "CWM_TAB_COLUMNS" ("ID", "S_NAME", "DISPLAY_NAME", "CATEGORY", "DESCRIPTION", "S_COLUMN_NAME", "TABLE_ID", "IS_WHO_SEARCH", "IS_FOR_SEARCH", "IS_INDEX", "OPERATE_SIGN", "PURPOSE", "CASESENSITIVE", "DEFAULT_VALUE", "IS_NULLABLE", "IS_ONLY", "IS_PK", "IS_AUTOINCREMENT", "RESTRICTION_ID", "TYPE", "SEQUENCE_NAME", "MAX_LENGTH", "MIN_LENGTH", "IS_SHOW", "IS_WRAP", "PROPERTY_PARAGRAPH", "PROPERTY_CATEGORY", "LINAGE", "IS_VALID", "IS_MUTI_UK", "IS_USED_PAIXU", "IS_NEED", "ORDER_SIGN", "CITE", "NUM_LENGTH", "NUM_PRECISION", "REF_VIEW_ID", "ARITH_ID", "ARITH_NAME", "ARITH_METHOD", "ARITH_TYPE", "MAP_COLUMN", "SEQ_VALUE", "EDITABLE", "SEQ_INTERVAL", "SELECTOR", "UNIT") VALUES ('#SEQ_CWM_TAB_COLUMNS-47#', 'C_SYSM', '剩余寿命', '1', NULL, 'C_SYSM_#SEQ_CWM_TABLES-5#', '#SEQ_CWM_TABLES-5#', 'False', 'False', 'False', 'like', '新增,修改,详细,列表', 'CaseInsensitive', NULL, 'False', 'False', NULL, 'False', NULL, 'String', NULL, '100', '0', 'True', 'False', NULL, NULL, '1', '1', NULL, NULL, NULL, '6', '//@数据类/@children.4/@普通属性.6', NULL, NULL, NULL, NULL, NULL, NULL, NULL, NULL, '1', '0', '1', NULL, NULL)
INSERT INTO "CWM_TAB_COLUMNS" ("ID", "S_NAME", "DISPLAY_NAME", "CATEGORY", "DESCRIPTION", "S_COLUMN_NAME", "TABLE_ID", "IS_WHO_SEARCH", "IS_FOR_SEARCH", "IS_INDEX", "OPERATE_SIGN", "PURPOSE", "CASESENSITIVE", "DEFAULT_VALUE", "IS_NULLABLE", "IS_ONLY", "IS_PK", "IS_AUTOINCREMENT", "RESTRICTION_ID", "TYPE", "SEQUENCE_NAME", "MAX_LENGTH", "MIN_LENGTH", "IS_SHOW", "IS_WRAP", "PROPERTY_PARAGRAPH", "PROPERTY_CATEGORY", "LINAGE", "IS_VALID", "IS_MUTI_UK", "IS_USED_PAIXU", "IS_NEED", "ORDER_SIGN", "CITE", "NUM_LENGTH", "NUM_PRECISION", "REF_VIEW_ID", "ARITH_ID", "ARITH_NAME", "ARITH_METHOD", "ARITH_TYPE", "MAP_COLUMN", "SEQ_VALUE", "EDITABLE", "SEQ_INTERVAL", "SELECTOR", "UNIT") VALUES ('#SEQ_CWM_TAB_COLUMNS-48#', 'C_FLMC', '分类名称', '1', NULL, 'C_FLMC_#SEQ_CWM_TABLES-6#', '#SEQ_CWM_TABLES-6#', 'False', 'False', 'False', 'like', '新增,修改,详细,列表', 'CaseInsensitive', NULL, 'False', 'False', NULL, 'False', NULL, 'String', NULL, '100', '0', 'True', 'False', NULL, NULL, '1', '0', NULL, NULL, NULL, '0', '//@数据类/@children.4/@普通属性.0', NULL, NULL, NULL, NULL, NULL, NULL, NULL, NULL, '1', '0', '1', NULL, NULL)
INSERT INTO "CWM_TAB_COLUMNS" ("ID", "S_NAME", "DISPLAY_NAME", "CATEGORY", "DESCRIPTION", "S_COLUMN_NAME", "TABLE_ID", "IS_WHO_SEARCH", "IS_FOR_SEARCH", "IS_INDEX", "OPERATE_SIGN", "PURPOSE", "CASESENSITIVE", "DEFAULT_VALUE", "IS_NULLABLE", "IS_ONLY", "IS_PK", "IS_AUTOINCREMENT", "RESTRICTION_ID", "TYPE", "SEQUENCE_NAME", "MAX_LENGTH", "MIN_LENGTH", "IS_SHOW", "IS_WRAP", "PROPERTY_PARAGRAPH", "PROPERTY_CATEGORY", "LINAGE", "IS_VALID", "IS_MUTI_UK", "IS_USED_PAIXU", "IS_NEED", "ORDER_SIGN", "CITE", "NUM_LENGTH", "NUM_PRECISION", "REF_VIEW_ID", "ARITH_ID", "ARITH_NAME", "ARITH_METHOD", "ARITH_TYPE", "MAP_COLUMN", "SEQ_VALUE", "EDITABLE", "SEQ_INTERVAL", "SELECTOR", "UNIT") VALUES ('#SEQ_CWM_TAB_COLUMNS-49#', 'REF_ZJLSBFL', '子计量设备分类', '2', NULL, 'REF_ZJLSBFL_#SEQ_CWM_TABLES-6#', '#SEQ_CWM_TABLES-6#', NULL, NULL, NULL, NULL, '新增,修改,详细,列表', NULL, NULL, NULL, NULL, NULL, NULL, NULL, 'String', NULL, NULL, NULL, 'True', NULL, NULL, NULL, NULL, '0', NULL, NULL, 'False', '1', '//@数据类/@children.4/@关系属性.1', NULL, NULL, NULL, NULL, NULL, NULL, NULL, NULL, NULL, NULL, NULL, NULL, NULL)
INSERT INTO "CWM_TAB_COLUMNS" ("ID", "S_NAME", "DISPLAY_NAME", "CATEGORY", "DESCRIPTION", "S_COLUMN_NAME", "TABLE_ID", "IS_WHO_SEARCH", "IS_FOR_SEARCH", "IS_INDEX", "OPERATE_SIGN", "PURPOSE", "CASESENSITIVE", "DEFAULT_VALUE", "IS_NULLABLE", "IS_ONLY", "IS_PK", "IS_AUTOINCREMENT", "RESTRICTION_ID", "TYPE", "SEQUENCE_NAME", "MAX_LENGTH", "MIN_LENGTH", "IS_SHOW", "IS_WRAP", "PROPERTY_PARAGRAPH", "PROPERTY_CATEGORY", "LINAGE", "IS_VALID", "IS_MUTI_UK", "IS_USED_PAIXU", "IS_NEED", "ORDER_SIGN", "CITE", "NUM_LENGTH", "NUM_PRECISION", "REF_VIEW_ID", "ARITH_ID", "ARITH_NAME", "ARITH_METHOD", "ARITH_TYPE", "MAP_COLUMN", "SEQ_VALUE", "EDITABLE", "SEQ_INTERVAL", "SELECTOR", "UNIT") VALUES ('#SEQ_CWM_TAB_COLUMNS-50#', 'REF_SSJLSBFL', '所属计量设备分类', '2', NULL, 'REF_SSJLSBFL_#SEQ_CWM_TABLES-6#', '#SEQ_CWM_TABLES-6#', NULL, NULL, NULL, NULL, '新增,修改,详细,列表', NULL, NULL, NULL, NULL, NULL, NULL, NULL, 'String', NULL, NULL, NULL, 'True', NULL, NULL, NULL, NULL, '0', NULL, NULL, 'False', '0', '//@数据类/@children.4/@关系属性.0', NULL, NULL, NULL, NULL, NULL, NULL, NULL, NULL, NULL, NULL, NULL, NULL, NULL)
INSERT INTO "CWM_TAB_COLUMNS" ("ID", "S_NAME", "DISPLAY_NAME", "CATEGORY", "DESCRIPTION", "S_COLUMN_NAME", "TABLE_ID", "IS_WHO_SEARCH", "IS_FOR_SEARCH", "IS_INDEX", "OPERATE_SIGN", "PURPOSE", "CASESENSITIVE", "DEFAULT_VALUE", "IS_NULLABLE", "IS_ONLY", "IS_PK", "IS_AUTOINCREMENT", "RESTRICTION_ID", "TYPE", "SEQUENCE_NAME", "MAX_LENGTH", "MIN_LENGTH", "IS_SHOW", "IS_WRAP", "PROPERTY_PARAGRAPH", "PROPERTY_CATEGORY", "LINAGE", "IS_VALID", "IS_MUTI_UK", "IS_USED_PAIXU", "IS_NEED", "ORDER_SIGN", "CITE", "NUM_LENGTH", "NUM_PRECISION", "REF_VIEW_ID", "ARITH_ID", "ARITH_NAME", "ARITH_METHOD", "ARITH_TYPE", "MAP_COLUMN", "SEQ_VALUE", "EDITABLE", "SEQ_INTERVAL", "SELECTOR", "UNIT") VALUES ('#SEQ_CWM_TAB_COLUMNS-51#', 'C_MS', '描述', '1', NULL, 'C_MS_#SEQ_CWM_TABLES-6#', '#SEQ_CWM_TABLES-6#', 'False', 'False', 'False', 'like', '新增,修改,详细,列表', 'CaseInsensitive', NULL, 'False', 'False', NULL, 'False', NULL, 'String', NULL, '100', '0', 'True', 'False', NULL, NULL, '1', '0', NULL, NULL, NULL, '1', '//@数据类/@children.4/@普通属性.1', NULL, NULL, NULL, NULL, NULL, NULL, NULL, NULL, '1', '0', '1', NULL, NULL)
INSERT INTO "CWM_TAB_COLUMNS" ("ID", "S_NAME", "DISPLAY_NAME", "CATEGORY", "DESCRIPTION", "S_COLUMN_NAME", "TABLE_ID", "IS_WHO_SEARCH", "IS_FOR_SEARCH", "IS_INDEX", "OPERATE_SIGN", "PURPOSE", "CASESENSITIVE", "DEFAULT_VALUE", "IS_NULLABLE", "IS_ONLY", "IS_PK", "IS_AUTOINCREMENT", "RESTRICTION_ID", "TYPE", "SEQUENCE_NAME", "MAX_LENGTH", "MIN_LENGTH", "IS_SHOW", "IS_WRAP", "PROPERTY_PARAGRAPH", "PROPERTY_CATEGORY", "LINAGE", "IS_VALID", "IS_MUTI_UK", "IS_USED_PAIXU", "IS_NEED", "ORDER_SIGN", "CITE", "NUM_LENGTH", "NUM_PRECISION", "REF_VIEW_ID", "ARITH_ID", "ARITH_NAME", "ARITH_METHOD", "ARITH_TYPE", "MAP_COLUMN", "SEQ_VALUE", "EDITABLE", "SEQ_INTERVAL", "SELECTOR", "UNIT") VALUES ('#SEQ_CWM_TAB_COLUMNS-52#', 'REF_JLSB', '计量设备', '2', NULL, 'REF_JLSB_#SEQ_CWM_TABLES-6#', '#SEQ_CWM_TABLES-6#', NULL, NULL, NULL, NULL, '新增,修改,详细,列表', NULL, NULL, NULL, NULL, NULL, NULL, NULL, 'String', NULL, NULL, NULL, 'True', NULL, NULL, NULL, NULL, '0', NULL, NULL, 'False', '2', '//@数据类/@children.4/@关系属性.2', NULL, NULL, NULL, NULL, NULL, NULL, NULL, NULL, NULL, NULL, NULL, NULL, NULL)
INSERT INTO "CWM_TAB_COLUMNS" ("ID", "S_NAME", "DISPLAY_NAME", "CATEGORY", "DESCRIPTION", "S_COLUMN_NAME", "TABLE_ID", "IS_WHO_SEARCH", "IS_FOR_SEARCH", "IS_INDEX", "OPERATE_SIGN", "PURPOSE", "CASESENSITIVE", "DEFAULT_VALUE", "IS_NULLABLE", "IS_ONLY", "IS_PK", "IS_AUTOINCREMENT", "RESTRICTION_ID", "TYPE", "SEQUENCE_NAME", "MAX_LENGTH", "MIN_LENGTH", "IS_SHOW", "IS_WRAP", "PROPERTY_PARAGRAPH", "PROPERTY_CATEGORY", "LINAGE", "IS_VALID", "IS_MUTI_UK", "IS_USED_PAIXU", "IS_NEED", "ORDER_SIGN", "CITE", "NUM_LENGTH", "NUM_PRECISION", "REF_VIEW_ID", "ARITH_ID", "ARITH_NAME", "ARITH_METHOD", "ARITH_TYPE", "MAP_COLUMN", "SEQ_VALUE", "EDITABLE", "SEQ_INTERVAL", "SELECTOR", "UNIT") VALUES ('#SEQ_CWM_TAB_COLUMNS-53#', 'C_JLBH', '计量编号', '1', NULL, 'C_JLBH_#SEQ_CWM_TABLES-7#', '#SEQ_CWM_TABLES-7#', 'False', 'False', 'False', 'like', '新增,修改,详细,列表', 'CaseInsensitive', NULL, 'False', 'False', NULL, 'False', NULL, 'String', NULL, '100', '0', 'True', 'False', NULL, NULL, '1', '1', NULL, NULL, NULL, '0', '//@数据类/@children.5/@普通属性.0', NULL, NULL, NULL, NULL, NULL, NULL, NULL, NULL, '1', '0', '1', NULL, NULL)
INSERT INTO "CWM_TAB_COLUMNS" ("ID", "S_NAME", "DISPLAY_NAME", "CATEGORY", "DESCRIPTION", "S_COLUMN_NAME", "TABLE_ID", "IS_WHO_SEARCH", "IS_FOR_SEARCH", "IS_INDEX", "OPERATE_SIGN", "PURPOSE", "CASESENSITIVE", "DEFAULT_VALUE", "IS_NULLABLE", "IS_ONLY", "IS_PK", "IS_AUTOINCREMENT", "RESTRICTION_ID", "TYPE", "SEQUENCE_NAME", "MAX_LENGTH", "MIN_LENGTH", "IS_SHOW", "IS_WRAP", "PROPERTY_PARAGRAPH", "PROPERTY_CATEGORY", "LINAGE", "IS_VALID", "IS_MUTI_UK", "IS_USED_PAIXU", "IS_NEED", "ORDER_SIGN", "CITE", "NUM_LENGTH", "NUM_PRECISION", "REF_VIEW_ID", "ARITH_ID", "ARITH_NAME", "ARITH_METHOD", "ARITH_TYPE", "MAP_COLUMN", "SEQ_VALUE", "EDITABLE", "SEQ_INTERVAL", "SELECTOR", "UNIT") VALUES ('#SEQ_CWM_TAB_COLUMNS-54#', 'C_JLSJ', '计量时间', '1', NULL, 'C_JLSJ_#SEQ_CWM_TABLES-7#', '#SEQ_CWM_TABLES-7#', 'False', 'False', 'False', 'like', '新增,修改,详细,列表', 'CaseInsensitive', NULL, 'True', 'False', NULL, 'False', NULL, 'Date', NULL, '100', '0', 'True', 'False', NULL, NULL, '1', '1', NULL, NULL, NULL, '1', '//@数据类/@children.5/@普通属性.1', NULL, NULL, NULL, NULL, NULL, NULL, NULL, NULL, '1', '0', '1', NULL, NULL)
INSERT INTO "CWM_TAB_COLUMNS" ("ID", "S_NAME", "DISPLAY_NAME", "CATEGORY", "DESCRIPTION", "S_COLUMN_NAME", "TABLE_ID", "IS_WHO_SEARCH", "IS_FOR_SEARCH", "IS_INDEX", "OPERATE_SIGN", "PURPOSE", "CASESENSITIVE", "DEFAULT_VALUE", "IS_NULLABLE", "IS_ONLY", "IS_PK", "IS_AUTOINCREMENT", "RESTRICTION_ID", "TYPE", "SEQUENCE_NAME", "MAX_LENGTH", "MIN_LENGTH", "IS_SHOW", "IS_WRAP", "PROPERTY_PARAGRAPH", "PROPERTY_CATEGORY", "LINAGE", "IS_VALID", "IS_MUTI_UK", "IS_USED_PAIXU", "IS_NEED", "ORDER_SIGN", "CITE", "NUM_LENGTH", "NUM_PRECISION", "REF_VIEW_ID", "ARITH_ID", "ARITH_NAME", "ARITH_METHOD", "ARITH_TYPE", "MAP_COLUMN", "SEQ_VALUE", "EDITABLE", "SEQ_INTERVAL", "SELECTOR", "UNIT") VALUES ('#SEQ_CWM_TAB_COLUMNS-55#', 'C_JLSX', '计量属性', '1', NULL, 'C_JLSX_#SEQ_CWM_TABLES-7#', '#SEQ_CWM_TABLES-7#', 'False', 'False', 'False', 'like', '新增,修改,详细,列表', 'CaseInsensitive', NULL, 'False', 'False', NULL, 'False', NULL, 'NameValue', NULL, '100', '0', 'True', 'False', NULL, NULL, '1', '1', NULL, NULL, NULL, '4', '//@数据类/@children.5/@普通属性.4', NULL, NULL, NULL, NULL, NULL, NULL, NULL, NULL, '1', '0', '1', NULL, NULL)
INSERT INTO "CWM_TAB_COLUMNS" ("ID", "S_NAME", "DISPLAY_NAME", "CATEGORY", "DESCRIPTION", "S_COLUMN_NAME", "TABLE_ID", "IS_WHO_SEARCH", "IS_FOR_SEARCH", "IS_INDEX", "OPERATE_SIGN", "PURPOSE", "CASESENSITIVE", "DEFAULT_VALUE", "IS_NULLABLE", "IS_ONLY", "IS_PK", "IS_AUTOINCREMENT", "RESTRICTION_ID", "TYPE", "SEQUENCE_NAME", "MAX_LENGTH", "MIN_LENGTH", "IS_SHOW", "IS_WRAP", "PROPERTY_PARAGRAPH", "PROPERTY_CATEGORY", "LINAGE", "IS_VALID", "IS_MUTI_UK", "IS_USED_PAIXU", "IS_NEED", "ORDER_SIGN", "CITE", "NUM_LENGTH", "NUM_PRECISION", "REF_VIEW_ID", "ARITH_ID", "ARITH_NAME", "ARITH_METHOD", "ARITH_TYPE", "MAP_COLUMN", "SEQ_VALUE", "EDITABLE", "SEQ_INTERVAL", "SELECTOR", "UNIT") VALUES ('#SEQ_CWM_TAB_COLUMNS-56#', 'REF_JLSB', '计量设备', '2', NULL, 'REF_JLSB_#SEQ_CWM_TABLES-7#', '#SEQ_CWM_TABLES-7#', NULL, NULL, NULL, NULL, '新增,修改,详细,列表', NULL, NULL, NULL, NULL, NULL, NULL, NULL, 'String', NULL, NULL, NULL, 'True', NULL, NULL, NULL, NULL, '1', NULL, NULL, 'False', '0', '//@数据类/@children.5/@关系属性.0', NULL, NULL, NULL, NULL, NULL, NULL, NULL, NULL, NULL, NULL, NULL, NULL, NULL)
INSERT INTO "CWM_TAB_COLUMNS" ("ID", "S_NAME", "DISPLAY_NAME", "CATEGORY", "DESCRIPTION", "S_COLUMN_NAME", "TABLE_ID", "IS_WHO_SEARCH", "IS_FOR_SEARCH", "IS_INDEX", "OPERATE_SIGN", "PURPOSE", "CASESENSITIVE", "DEFAULT_VALUE", "IS_NULLABLE", "IS_ONLY", "IS_PK", "IS_AUTOINCREMENT", "RESTRICTION_ID", "TYPE", "SEQUENCE_NAME", "MAX_LENGTH", "MIN_LENGTH", "IS_SHOW", "IS_WRAP", "PROPERTY_PARAGRAPH", "PROPERTY_CATEGORY", "LINAGE", "IS_VALID", "IS_MUTI_UK", "IS_USED_PAIXU", "IS_NEED", "ORDER_SIGN", "CITE", "NUM_LENGTH", "NUM_PRECISION", "REF_VIEW_ID", "ARITH_ID", "ARITH_NAME", "ARITH_METHOD", "ARITH_TYPE", "MAP_COLUMN", "SEQ_VALUE", "EDITABLE", "SEQ_INTERVAL", "SELECTOR", "UNIT") VALUES ('#SEQ_CWM_TAB_COLUMNS-57#', 'C_JLRY', '计量人员', '1', NULL, 'C_JLRY_#SEQ_CWM_TABLES-7#', '#SEQ_CWM_TABLES-7#', 'False', 'False', 'False', 'like', '新增,修改,详细,列表', 'CaseInsensitive', NULL, 'False', 'False', NULL, 'False', NULL, 'String', NULL, '100', '0', 'True', 'False', NULL, NULL, '1', '1', NULL, NULL, NULL, '2', '//@数据类/@children.5/@普通属性.2', NULL, NULL, NULL, NULL, NULL, NULL, NULL, NULL, '1', '0', '1', '{"filterType":"1","filterValue":"","multiSelect":"false","selectorType":"1"}', NULL)
INSERT INTO "CWM_TAB_COLUMNS" ("ID", "S_NAME", "DISPLAY_NAME", "CATEGORY", "DESCRIPTION", "S_COLUMN_NAME", "TABLE_ID", "IS_WHO_SEARCH", "IS_FOR_SEARCH", "IS_INDEX", "OPERATE_SIGN", "PURPOSE", "CASESENSITIVE", "DEFAULT_VALUE", "IS_NULLABLE", "IS_ONLY", "IS_PK", "IS_AUTOINCREMENT", "RESTRICTION_ID", "TYPE", "SEQUENCE_NAME", "MAX_LENGTH", "MIN_LENGTH", "IS_SHOW", "IS_WRAP", "PROPERTY_PARAGRAPH", "PROPERTY_CATEGORY", "LINAGE", "IS_VALID", "IS_MUTI_UK", "IS_USED_PAIXU", "IS_NEED", "ORDER_SIGN", "CITE", "NUM_LENGTH", "NUM_PRECISION", "REF_VIEW_ID", "ARITH_ID", "ARITH_NAME", "ARITH_METHOD", "ARITH_TYPE", "MAP_COLUMN", "SEQ_VALUE", "EDITABLE", "SEQ_INTERVAL", "SELECTOR", "UNIT") VALUES ('#SEQ_CWM_TAB_COLUMNS-58#', 'C_JLHGZ', '计量合格证', '1', NULL, 'C_JLHGZ_#SEQ_CWM_TABLES-7#', '#SEQ_CWM_TABLES-7#', 'False', 'False', 'False', 'like', '新增,修改,详细,列表', 'CaseInsensitive', NULL, 'False', 'False', NULL, 'False', NULL, 'File', NULL, '100', '0', 'True', 'False', NULL, NULL, '1', '1', NULL, NULL, NULL, '3', '//@数据类/@children.5/@普通属性.3', NULL, NULL, NULL, NULL, NULL, NULL, NULL, NULL, '1', '0', '1', NULL, NULL)
INSERT INTO "CWM_TAB_COLUMNS" ("ID", "S_NAME", "DISPLAY_NAME", "CATEGORY", "DESCRIPTION", "S_COLUMN_NAME", "TABLE_ID", "IS_WHO_SEARCH", "IS_FOR_SEARCH", "IS_INDEX", "OPERATE_SIGN", "PURPOSE", "CASESENSITIVE", "DEFAULT_VALUE", "IS_NULLABLE", "IS_ONLY", "IS_PK", "IS_AUTOINCREMENT", "RESTRICTION_ID", "TYPE", "SEQUENCE_NAME", "MAX_LENGTH", "MIN_LENGTH", "IS_SHOW", "IS_WRAP", "PROPERTY_PARAGRAPH", "PROPERTY_CATEGORY", "LINAGE", "IS_VALID", "IS_MUTI_UK", "IS_USED_PAIXU", "IS_NEED", "ORDER_SIGN", "CITE", "NUM_LENGTH", "NUM_PRECISION", "REF_VIEW_ID", "ARITH_ID", "ARITH_NAME", "ARITH_METHOD", "ARITH_TYPE", "MAP_COLUMN", "SEQ_VALUE", "EDITABLE", "SEQ_INTERVAL", "SELECTOR", "UNIT") VALUES ('#SEQ_CWM_TAB_COLUMNS-59#', 'REF_JLFL', '所属分类', '2', NULL, 'REF_JLFL_#SEQ_CWM_TABLES-8#', '#SEQ_CWM_TABLES-8#', NULL, NULL, NULL, NULL, '新增,修改,详细,列表', NULL, NULL, NULL, NULL, NULL, NULL, NULL, 'String', NULL, NULL, NULL, 'True', NULL, NULL, NULL, NULL, '0', NULL, NULL, 'False', '0', '//@数据类/@children.6/@关系属性.0', NULL, NULL, NULL, NULL, NULL, NULL, NULL, NULL, NULL, NULL, NULL, NULL, NULL)
INSERT INTO "CWM_TAB_COLUMNS" ("ID", "S_NAME", "DISPLAY_NAME", "CATEGORY", "DESCRIPTION", "S_COLUMN_NAME", "TABLE_ID", "IS_WHO_SEARCH", "IS_FOR_SEARCH", "IS_INDEX", "OPERATE_SIGN", "PURPOSE", "CASESENSITIVE", "DEFAULT_VALUE", "IS_NULLABLE", "IS_ONLY", "IS_PK", "IS_AUTOINCREMENT", "RESTRICTION_ID", "TYPE", "SEQUENCE_NAME", "MAX_LENGTH", "MIN_LENGTH", "IS_SHOW", "IS_WRAP", "PROPERTY_PARAGRAPH", "PROPERTY_CATEGORY", "LINAGE", "IS_VALID", "IS_MUTI_UK", "IS_USED_PAIXU", "IS_NEED", "ORDER_SIGN", "CITE", "NUM_LENGTH", "NUM_PRECISION", "REF_VIEW_ID", "ARITH_ID", "ARITH_NAME", "ARITH_METHOD", "ARITH_TYPE", "MAP_COLUMN", "SEQ_VALUE", "EDITABLE", "SEQ_INTERVAL", "SELECTOR", "UNIT") VALUES ('#SEQ_CWM_TAB_COLUMNS-60#', 'SUB_JLFL', '子计量分类', '2', NULL, 'SUB_JLFL_#SEQ_CWM_TABLES-8#', '#SEQ_CWM_TABLES-8#', NULL, NULL, NULL, NULL, '新增,修改,详细,列表', NULL, NULL, NULL, NULL, NULL, NULL, NULL, 'String', NULL, NULL, NULL, 'True', NULL, NULL, NULL, NULL, '0', NULL, NULL, 'False', '1', '//@数据类/@children.6/@关系属性.1', NULL, NULL, NULL, NULL, NULL, NULL, NULL, NULL, NULL, NULL, NULL, NULL, NULL)
INSERT INTO "CWM_TAB_COLUMNS" ("ID", "S_NAME", "DISPLAY_NAME", "CATEGORY", "DESCRIPTION", "S_COLUMN_NAME", "TABLE_ID", "IS_WHO_SEARCH", "IS_FOR_SEARCH", "IS_INDEX", "OPERATE_SIGN", "PURPOSE", "CASESENSITIVE", "DEFAULT_VALUE", "IS_NULLABLE", "IS_ONLY", "IS_PK", "IS_AUTOINCREMENT", "RESTRICTION_ID", "TYPE", "SEQUENCE_NAME", "MAX_LENGTH", "MIN_LENGTH", "IS_SHOW", "IS_WRAP", "PROPERTY_PARAGRAPH", "PROPERTY_CATEGORY", "LINAGE", "IS_VALID", "IS_MUTI_UK", "IS_USED_PAIXU", "IS_NEED", "ORDER_SIGN", "CITE", "NUM_LENGTH", "NUM_PRECISION", "REF_VIEW_ID", "ARITH_ID", "ARITH_NAME", "ARITH_METHOD", "ARITH_TYPE", "MAP_COLUMN", "SEQ_VALUE", "EDITABLE", "SEQ_INTERVAL", "SELECTOR", "UNIT") VALUES ('#SEQ_CWM_TAB_COLUMNS-61#', 'REF_JLSB', '计量设备', '2', NULL, 'REF_JLSB_#SEQ_CWM_TABLES-8#', '#SEQ_CWM_TABLES-8#', NULL, NULL, NULL, NULL, '新增,修改,详细,列表', NULL, NULL, NULL, NULL, NULL, NULL, NULL, 'String', NULL, NULL, NULL, 'True', NULL, NULL, NULL, NULL, '0', NULL, NULL, 'False', '2', '//@数据类/@children.6/@关系属性.2', NULL, NULL, NULL, NULL, NULL, NULL, NULL, NULL, NULL, NULL, NULL, NULL, NULL)
INSERT INTO "CWM_TAB_COLUMNS" ("ID", "S_NAME", "DISPLAY_NAME", "CATEGORY", "DESCRIPTION", "S_COLUMN_NAME", "TABLE_ID", "IS_WHO_SEARCH", "IS_FOR_SEARCH", "IS_INDEX", "OPERATE_SIGN", "PURPOSE", "CASESENSITIVE", "DEFAULT_VALUE", "IS_NULLABLE", "IS_ONLY", "IS_PK", "IS_AUTOINCREMENT", "RESTRICTION_ID", "TYPE", "SEQUENCE_NAME", "MAX_LENGTH", "MIN_LENGTH", "IS_SHOW", "IS_WRAP", "PROPERTY_PARAGRAPH", "PROPERTY_CATEGORY", "LINAGE", "IS_VALID", "IS_MUTI_UK", "IS_USED_PAIXU", "IS_NEED", "ORDER_SIGN", "CITE", "NUM_LENGTH", "NUM_PRECISION", "REF_VIEW_ID", "ARITH_ID", "ARITH_NAME", "ARITH_METHOD", "ARITH_TYPE", "MAP_COLUMN", "SEQ_VALUE", "EDITABLE", "SEQ_INTERVAL", "SELECTOR", "UNIT") VALUES ('#SEQ_CWM_TAB_COLUMNS-62#', 'C_MS', '描述', '1', NULL, 'C_MS_#SEQ_CWM_TABLES-8#', '#SEQ_CWM_TABLES-8#', 'False', 'False', 'False', 'like', '新增,修改,详细,列表', 'CaseInsensitive', NULL, 'False', 'False', NULL, 'False', NULL, 'String', NULL, '100', '0', 'True', 'False', NULL, NULL, '1', '0', NULL, NULL, NULL, '1', '//@数据类/@children.6/@普通属性.1', NULL, NULL, NULL, NULL, NULL, NULL, NULL, NULL, '1', '0', '1', NULL, NULL)
INSERT INTO "CWM_TAB_COLUMNS" ("ID", "S_NAME", "DISPLAY_NAME", "CATEGORY", "DESCRIPTION", "S_COLUMN_NAME", "TABLE_ID", "IS_WHO_SEARCH", "IS_FOR_SEARCH", "IS_INDEX", "OPERATE_SIGN", "PURPOSE", "CASESENSITIVE", "DEFAULT_VALUE", "IS_NULLABLE", "IS_ONLY", "IS_PK", "IS_AUTOINCREMENT", "RESTRICTION_ID", "TYPE", "SEQUENCE_NAME", "MAX_LENGTH", "MIN_LENGTH", "IS_SHOW", "IS_WRAP", "PROPERTY_PARAGRAPH", "PROPERTY_CATEGORY", "LINAGE", "IS_VALID", "IS_MUTI_UK", "IS_USED_PAIXU", "IS_NEED", "ORDER_SIGN", "CITE", "NUM_LENGTH", "NUM_PRECISION", "REF_VIEW_ID", "ARITH_ID", "ARITH_NAME", "ARITH_METHOD", "ARITH_TYPE", "MAP_COLUMN", "SEQ_VALUE", "EDITABLE", "SEQ_INTERVAL", "SELECTOR", "UNIT") VALUES ('#SEQ_CWM_TAB_COLUMNS-63#', 'C_FLMC', '分类名称', '1', NULL, 'C_FLMC_#SEQ_CWM_TABLES-8#', '#SEQ_CWM_TABLES-8#', 'False', 'False', 'False', 'like', '新增,修改,详细,列表', 'CaseInsensitive', NULL, 'False', 'False', NULL, 'False', NULL, 'String', NULL, '100', '0', 'True', 'False', NULL, NULL, '1', '0', NULL, NULL, NULL, '0', '//@数据类/@children.6/@普通属性.0', NULL, NULL, NULL, NULL, NULL, NULL, NULL, NULL, '1', '0', '1', NULL, NULL)
INSERT INTO "CWM_TAB_COLUMNS" ("ID", "S_NAME", "DISPLAY_NAME", "CATEGORY", "DESCRIPTION", "S_COLUMN_NAME", "TABLE_ID", "IS_WHO_SEARCH", "IS_FOR_SEARCH", "IS_INDEX", "OPERATE_SIGN", "PURPOSE", "CASESENSITIVE", "DEFAULT_VALUE", "IS_NULLABLE", "IS_ONLY", "IS_PK", "IS_AUTOINCREMENT", "RESTRICTION_ID", "TYPE", "SEQUENCE_NAME", "MAX_LENGTH", "MIN_LENGTH", "IS_SHOW", "IS_WRAP", "PROPERTY_PARAGRAPH", "PROPERTY_CATEGORY", "LINAGE", "IS_VALID", "IS_MUTI_UK", "IS_USED_PAIXU", "IS_NEED", "ORDER_SIGN", "CITE", "NUM_LENGTH", "NUM_PRECISION", "REF_VIEW_ID", "ARITH_ID", "ARITH_NAME", "ARITH_METHOD", "ARITH_TYPE", "MAP_COLUMN", "SEQ_VALUE", "EDITABLE", "SEQ_INTERVAL", "SELECTOR", "UNIT") VALUES ('#SEQ_CWM_TAB_COLUMNS-64#', 'REF_JLFL', '所属计量分类', '2', NULL, 'REF_JLFL_#SEQ_CWM_TABLES-9#', '#SEQ_CWM_TABLES-9#', NULL, NULL, NULL, NULL, '新增,修改,详细,列表', NULL, NULL, NULL, NULL, NULL, NULL, NULL, 'String', NULL, NULL, NULL, 'True', NULL, NULL, NULL, NULL, '1', NULL, NULL, 'False', '0', '//@数据类/@children.6/@关系属性.0', NULL, NULL, NULL, NULL, NULL, NULL, NULL, NULL, NULL, NULL, NULL, NULL, NULL)
INSERT INTO "CWM_TAB_COLUMNS" ("ID", "S_NAME", "DISPLAY_NAME", "CATEGORY", "DESCRIPTION", "S_COLUMN_NAME", "TABLE_ID", "IS_WHO_SEARCH", "IS_FOR_SEARCH", "IS_INDEX", "OPERATE_SIGN", "PURPOSE", "CASESENSITIVE", "DEFAULT_VALUE", "IS_NULLABLE", "IS_ONLY", "IS_PK", "IS_AUTOINCREMENT", "RESTRICTION_ID", "TYPE", "SEQUENCE_NAME", "MAX_LENGTH", "MIN_LENGTH", "IS_SHOW", "IS_WRAP", "PROPERTY_PARAGRAPH", "PROPERTY_CATEGORY", "LINAGE", "IS_VALID", "IS_MUTI_UK", "IS_USED_PAIXU", "IS_NEED", "ORDER_SIGN", "CITE", "NUM_LENGTH", "NUM_PRECISION", "REF_VIEW_ID", "ARITH_ID", "ARITH_NAME", "ARITH_METHOD", "ARITH_TYPE", "MAP_COLUMN", "SEQ_VALUE", "EDITABLE", "SEQ_INTERVAL", "SELECTOR", "UNIT") VALUES ('#SEQ_CWM_TAB_COLUMNS-65#', 'C_MS', '描述', '1', NULL, 'C_MS_#SEQ_CWM_TABLES-9#', '#SEQ_CWM_TABLES-9#', 'False', 'False', 'False', 'like', '新增,修改,详细,列表', 'CaseInsensitive', NULL, 'False', 'False', NULL, 'False', NULL, 'String', NULL, '100', '0', 'True', 'False', NULL, NULL, '1', '1', NULL, NULL, NULL, '1', '//@数据类/@children.6/@普通属性.1', NULL, NULL, NULL, NULL, NULL, NULL, NULL, NULL, '1', '0', '1', NULL, NULL)
INSERT INTO "CWM_TAB_COLUMNS" ("ID", "S_NAME", "DISPLAY_NAME", "CATEGORY", "DESCRIPTION", "S_COLUMN_NAME", "TABLE_ID", "IS_WHO_SEARCH", "IS_FOR_SEARCH", "IS_INDEX", "OPERATE_SIGN", "PURPOSE", "CASESENSITIVE", "DEFAULT_VALUE", "IS_NULLABLE", "IS_ONLY", "IS_PK", "IS_AUTOINCREMENT", "RESTRICTION_ID", "TYPE", "SEQUENCE_NAME", "MAX_LENGTH", "MIN_LENGTH", "IS_SHOW", "IS_WRAP", "PROPERTY_PARAGRAPH", "PROPERTY_CATEGORY", "LINAGE", "IS_VALID", "IS_MUTI_UK", "IS_USED_PAIXU", "IS_NEED", "ORDER_SIGN", "CITE", "NUM_LENGTH", "NUM_PRECISION", "REF_VIEW_ID", "ARITH_ID", "ARITH_NAME", "ARITH_METHOD", "ARITH_TYPE", "MAP_COLUMN", "SEQ_VALUE", "EDITABLE", "SEQ_INTERVAL", "SELECTOR", "UNIT") VALUES ('#SEQ_CWM_TAB_COLUMNS-66#', 'SUB_JLFL', '子计量分类', '2', NULL, 'SUB_JLFL_#SEQ_CWM_TABLES-9#', '#SEQ_CWM_TABLES-9#', NULL, NULL, NULL, NULL, '新增,修改,详细,列表', NULL, NULL, NULL, NULL, NULL, NULL, NULL, 'String', NULL, NULL, NULL, 'True', NULL, NULL, NULL, NULL, '1', NULL, NULL, 'False', '1', '//@数据类/@children.6/@关系属性.1', NULL, NULL, NULL, NULL, NULL, NULL, NULL, NULL, NULL, NULL, NULL, NULL, NULL)
INSERT INTO "CWM_TAB_COLUMNS" ("ID", "S_NAME", "DISPLAY_NAME", "CATEGORY", "DESCRIPTION", "S_COLUMN_NAME", "TABLE_ID", "IS_WHO_SEARCH", "IS_FOR_SEARCH", "IS_INDEX", "OPERATE_SIGN", "PURPOSE", "CASESENSITIVE", "DEFAULT_VALUE", "IS_NULLABLE", "IS_ONLY", "IS_PK", "IS_AUTOINCREMENT", "RESTRICTION_ID", "TYPE", "SEQUENCE_NAME", "MAX_LENGTH", "MIN_LENGTH", "IS_SHOW", "IS_WRAP", "PROPERTY_PARAGRAPH", "PROPERTY_CATEGORY", "LINAGE", "IS_VALID", "IS_MUTI_UK", "IS_USED_PAIXU", "IS_NEED", "ORDER_SIGN", "CITE", "NUM_LENGTH", "NUM_PRECISION", "REF_VIEW_ID", "ARITH_ID", "ARITH_NAME", "ARITH_METHOD", "ARITH_TYPE", "MAP_COLUMN", "SEQ_VALUE", "EDITABLE", "SEQ_INTERVAL", "SELECTOR", "UNIT") VALUES ('#SEQ_CWM_TAB_COLUMNS-67#', 'REF_JLSB', '所属计量设备', '2', NULL, 'REF_JLSB_#SEQ_CWM_TABLES-9#', '#SEQ_CWM_TABLES-9#', NULL, NULL, NULL, NULL, '新增,修改,详细,列表', NULL, NULL, NULL, NULL, NULL, NULL, NULL, 'String', NULL, NULL, NULL, 'True', NULL, NULL, NULL, NULL, '1', NULL, NULL, 'False', '2', '//@数据类/@children.6/@关系属性.2', NULL, NULL, NULL, NULL, NULL, NULL, NULL, NULL, NULL, NULL, NULL, NULL, NULL)
INSERT INTO "CWM_TAB_COLUMNS" ("ID", "S_NAME", "DISPLAY_NAME", "CATEGORY", "DESCRIPTION", "S_COLUMN_NAME", "TABLE_ID", "IS_WHO_SEARCH", "IS_FOR_SEARCH", "IS_INDEX", "OPERATE_SIGN", "PURPOSE", "CASESENSITIVE", "DEFAULT_VALUE", "IS_NULLABLE", "IS_ONLY", "IS_PK", "IS_AUTOINCREMENT", "RESTRICTION_ID", "TYPE", "SEQUENCE_NAME", "MAX_LENGTH", "MIN_LENGTH", "IS_SHOW", "IS_WRAP", "PROPERTY_PARAGRAPH", "PROPERTY_CATEGORY", "LINAGE", "IS_VALID", "IS_MUTI_UK", "IS_USED_PAIXU", "IS_NEED", "ORDER_SIGN", "CITE", "NUM_LENGTH", "NUM_PRECISION", "REF_VIEW_ID", "ARITH_ID", "ARITH_NAME", "ARITH_METHOD", "ARITH_TYPE", "MAP_COLUMN", "SEQ_VALUE", "EDITABLE", "SEQ_INTERVAL", "SELECTOR", "UNIT") VALUES ('#SEQ_CWM_TAB_COLUMNS-68#', 'C_FLMC', '分类名称', '1', NULL, 'C_FLMC_#SEQ_CWM_TABLES-9#', '#SEQ_CWM_TABLES-9#', 'False', 'False', 'False', 'like', '新增,修改,详细,列表', 'CaseInsensitive', NULL, 'False', 'False', NULL, 'False', NULL, 'String', NULL, '100', '0', 'True', 'False', NULL, NULL, '1', '1', NULL, NULL, NULL, '0', '//@数据类/@children.6/@普通属性.0', NULL, NULL, NULL, NULL, NULL, NULL, NULL, NULL, '1', '0', '1', NULL, NULL)
INSERT INTO "CWM_TAB_COLUMNS" ("ID", "S_NAME", "DISPLAY_NAME", "CATEGORY", "DESCRIPTION", "S_COLUMN_NAME", "TABLE_ID", "IS_WHO_SEARCH", "IS_FOR_SEARCH", "IS_INDEX", "OPERATE_SIGN", "PURPOSE", "CASESENSITIVE", "DEFAULT_VALUE", "IS_NULLABLE", "IS_ONLY", "IS_PK", "IS_AUTOINCREMENT", "RESTRICTION_ID", "TYPE", "SEQUENCE_NAME", "MAX_LENGTH", "MIN_LENGTH", "IS_SHOW", "IS_WRAP", "PROPERTY_PARAGRAPH", "PROPERTY_CATEGORY", "LINAGE", "IS_VALID", "IS_MUTI_UK", "IS_USED_PAIXU", "IS_NEED", "ORDER_SIGN", "CITE", "NUM_LENGTH", "NUM_PRECISION", "REF_VIEW_ID", "ARITH_ID", "ARITH_NAME", "ARITH_METHOD", "ARITH_TYPE", "MAP_COLUMN", "SEQ_VALUE", "EDITABLE", "SEQ_INTERVAL", "SELECTOR", "UNIT") VALUES ('#SEQ_CWM_TAB_COLUMNS-69#', 'REF_RYFL', '所属人员分类', '2', NULL, 'REF_RYFL_#SEQ_CWM_TABLES-10#', '#SEQ_CWM_TABLES-10#', NULL, NULL, NULL, NULL, '新增,修改,详细,列表', NULL, NULL, NULL, NULL, NULL, NULL, NULL, 'String', NULL, NULL, NULL, 'True', NULL, NULL, NULL, NULL, '1', NULL, NULL, 'False', '0', '//@数据类/@children.7/@关系属性.0', NULL, NULL, NULL, NULL, NULL, NULL, NULL, NULL, NULL, NULL, NULL, NULL, NULL)
INSERT INTO "CWM_TAB_COLUMNS" ("ID", "S_NAME", "DISPLAY_NAME", "CATEGORY", "DESCRIPTION", "S_COLUMN_NAME", "TABLE_ID", "IS_WHO_SEARCH", "IS_FOR_SEARCH", "IS_INDEX", "OPERATE_SIGN", "PURPOSE", "CASESENSITIVE", "DEFAULT_VALUE", "IS_NULLABLE", "IS_ONLY", "IS_PK", "IS_AUTOINCREMENT", "RESTRICTION_ID", "TYPE", "SEQUENCE_NAME", "MAX_LENGTH", "MIN_LENGTH", "IS_SHOW", "IS_WRAP", "PROPERTY_PARAGRAPH", "PROPERTY_CATEGORY", "LINAGE", "IS_VALID", "IS_MUTI_UK", "IS_USED_PAIXU", "IS_NEED", "ORDER_SIGN", "CITE", "NUM_LENGTH", "NUM_PRECISION", "REF_VIEW_ID", "ARITH_ID", "ARITH_NAME", "ARITH_METHOD", "ARITH_TYPE", "MAP_COLUMN", "SEQ_VALUE", "EDITABLE", "SEQ_INTERVAL", "SELECTOR", "UNIT") VALUES ('#SEQ_CWM_TAB_COLUMNS-70#', 'REF_SYRY', '所属试验人员', '2', NULL, 'REF_SYRY_#SEQ_CWM_TABLES-10#', '#SEQ_CWM_TABLES-10#', NULL, NULL, NULL, NULL, '新增,修改,详细,列表', NULL, NULL, NULL, NULL, NULL, NULL, NULL, 'String', NULL, NULL, NULL, 'True', NULL, NULL, NULL, NULL, '1', NULL, NULL, 'False', '2', '//@数据类/@children.7/@关系属性.2', NULL, NULL, NULL, NULL, NULL, NULL, NULL, NULL, NULL, NULL, NULL, NULL, NULL)
INSERT INTO "CWM_TAB_COLUMNS" ("ID", "S_NAME", "DISPLAY_NAME", "CATEGORY", "DESCRIPTION", "S_COLUMN_NAME", "TABLE_ID", "IS_WHO_SEARCH", "IS_FOR_SEARCH", "IS_INDEX", "OPERATE_SIGN", "PURPOSE", "CASESENSITIVE", "DEFAULT_VALUE", "IS_NULLABLE", "IS_ONLY", "IS_PK", "IS_AUTOINCREMENT", "RESTRICTION_ID", "TYPE", "SEQUENCE_NAME", "MAX_LENGTH", "MIN_LENGTH", "IS_SHOW", "IS_WRAP", "PROPERTY_PARAGRAPH", "PROPERTY_CATEGORY", "LINAGE", "IS_VALID", "IS_MUTI_UK", "IS_USED_PAIXU", "IS_NEED", "ORDER_SIGN", "CITE", "NUM_LENGTH", "NUM_PRECISION", "REF_VIEW_ID", "ARITH_ID", "ARITH_NAME", "ARITH_METHOD", "ARITH_TYPE", "MAP_COLUMN", "SEQ_VALUE", "EDITABLE", "SEQ_INTERVAL", "SELECTOR", "UNIT") VALUES ('#SEQ_CWM_TAB_COLUMNS-71#', 'SUB_RYFL', '子人员分类', '2', NULL, 'SUB_RYFL_#SEQ_CWM_TABLES-10#', '#SEQ_CWM_TABLES-10#', NULL, NULL, NULL, NULL, '新增,修改,详细,列表', NULL, NULL, NULL, NULL, NULL, NULL, NULL, 'String', NULL, NULL, NULL, 'True', NULL, NULL, NULL, NULL, '1', NULL, NULL, 'False', '1', '//@数据类/@children.7/@关系属性.1', NULL, NULL, NULL, NULL, NULL, NULL, NULL, NULL, NULL, NULL, NULL, NULL, NULL)
INSERT INTO "CWM_TAB_COLUMNS" ("ID", "S_NAME", "DISPLAY_NAME", "CATEGORY", "DESCRIPTION", "S_COLUMN_NAME", "TABLE_ID", "IS_WHO_SEARCH", "IS_FOR_SEARCH", "IS_INDEX", "OPERATE_SIGN", "PURPOSE", "CASESENSITIVE", "DEFAULT_VALUE", "IS_NULLABLE", "IS_ONLY", "IS_PK", "IS_AUTOINCREMENT", "RESTRICTION_ID", "TYPE", "SEQUENCE_NAME", "MAX_LENGTH", "MIN_LENGTH", "IS_SHOW", "IS_WRAP", "PROPERTY_PARAGRAPH", "PROPERTY_CATEGORY", "LINAGE", "IS_VALID", "IS_MUTI_UK", "IS_USED_PAIXU", "IS_NEED", "ORDER_SIGN", "CITE", "NUM_LENGTH", "NUM_PRECISION", "REF_VIEW_ID", "ARITH_ID", "ARITH_NAME", "ARITH_METHOD", "ARITH_TYPE", "MAP_COLUMN", "SEQ_VALUE", "EDITABLE", "SEQ_INTERVAL", "SELECTOR", "UNIT") VALUES ('#SEQ_CWM_TAB_COLUMNS-72#', 'C_FLMC', '分类名称', '1', NULL, 'C_FLMC_#SEQ_CWM_TABLES-10#', '#SEQ_CWM_TABLES-10#', 'False', 'False', 'False', 'like', '新增,修改,详细,列表', 'CaseInsensitive', NULL, 'False', 'False', NULL, 'False', NULL, 'String', NULL, '100', '0', 'True', 'False', NULL, NULL, '1', '1', NULL, NULL, NULL, '0', '//@数据类/@children.7/@普通属性.0', NULL, NULL, NULL, NULL, NULL, NULL, NULL, NULL, '1', '0', '1', NULL, NULL)
INSERT INTO "CWM_TAB_COLUMNS" ("ID", "S_NAME", "DISPLAY_NAME", "CATEGORY", "DESCRIPTION", "S_COLUMN_NAME", "TABLE_ID", "IS_WHO_SEARCH", "IS_FOR_SEARCH", "IS_INDEX", "OPERATE_SIGN", "PURPOSE", "CASESENSITIVE", "DEFAULT_VALUE", "IS_NULLABLE", "IS_ONLY", "IS_PK", "IS_AUTOINCREMENT", "RESTRICTION_ID", "TYPE", "SEQUENCE_NAME", "MAX_LENGTH", "MIN_LENGTH", "IS_SHOW", "IS_WRAP", "PROPERTY_PARAGRAPH", "PROPERTY_CATEGORY", "LINAGE", "IS_VALID", "IS_MUTI_UK", "IS_USED_PAIXU", "IS_NEED", "ORDER_SIGN", "CITE", "NUM_LENGTH", "NUM_PRECISION", "REF_VIEW_ID", "ARITH_ID", "ARITH_NAME", "ARITH_METHOD", "ARITH_TYPE", "MAP_COLUMN", "SEQ_VALUE", "EDITABLE", "SEQ_INTERVAL", "SELECTOR", "UNIT") VALUES ('#SEQ_CWM_TAB_COLUMNS-73#', 'C_MS', '描述', '1', NULL, 'C_MS_#SEQ_CWM_TABLES-10#', '#SEQ_CWM_TABLES-10#', 'False', 'False', 'False', 'like', '新增,修改,详细,列表', 'CaseInsensitive', NULL, 'False', 'False', NULL, 'False', NULL, 'String', NULL, '100', '0', 'True', 'False', NULL, NULL, '1', '1', NULL, NULL, NULL, '1', '//@数据类/@children.7/@普通属性.1', NULL, NULL, NULL, NULL, NULL, NULL, NULL, NULL, '1', '0', '1', NULL, NULL)
INSERT INTO "CWM_TAB_COLUMNS" ("ID", "S_NAME", "DISPLAY_NAME", "CATEGORY", "DESCRIPTION", "S_COLUMN_NAME", "TABLE_ID", "IS_WHO_SEARCH", "IS_FOR_SEARCH", "IS_INDEX", "OPERATE_SIGN", "PURPOSE", "CASESENSITIVE", "DEFAULT_VALUE", "IS_NULLABLE", "IS_ONLY", "IS_PK", "IS_AUTOINCREMENT", "RESTRICTION_ID", "TYPE", "SEQUENCE_NAME", "MAX_LENGTH", "MIN_LENGTH", "IS_SHOW", "IS_WRAP", "PROPERTY_PARAGRAPH", "PROPERTY_CATEGORY", "LINAGE", "IS_VALID", "IS_MUTI_UK", "IS_USED_PAIXU", "IS_NEED", "ORDER_SIGN", "CITE", "NUM_LENGTH", "NUM_PRECISION", "REF_VIEW_ID", "ARITH_ID", "ARITH_NAME", "ARITH_METHOD", "ARITH_TYPE", "MAP_COLUMN", "SEQ_VALUE", "EDITABLE", "SEQ_INTERVAL", "SELECTOR", "UNIT") VALUES ('#SEQ_CWM_TAB_COLUMNS-74#', 'C_DH', '电话', '1', NULL, 'C_DH_#SEQ_CWM_TABLES-11#', '#SEQ_CWM_TABLES-11#', 'False', 'False', 'False', 'like', '新增,修改,详细,列表', 'CaseInsensitive', NULL, 'False', 'False', NULL, 'False', NULL, 'String', NULL, '100', '0', 'True', 'False', NULL, NULL, '1', '1', NULL, NULL, NULL, '3', '//@数据类/@children.8/@普通属性.3', NULL, NULL, NULL, NULL, NULL, NULL, NULL, NULL, '1', '0', '1', NULL, NULL)
INSERT INTO "CWM_TAB_COLUMNS" ("ID", "S_NAME", "DISPLAY_NAME", "CATEGORY", "DESCRIPTION", "S_COLUMN_NAME", "TABLE_ID", "IS_WHO_SEARCH", "IS_FOR_SEARCH", "IS_INDEX", "OPERATE_SIGN", "PURPOSE", "CASESENSITIVE", "DEFAULT_VALUE", "IS_NULLABLE", "IS_ONLY", "IS_PK", "IS_AUTOINCREMENT", "RESTRICTION_ID", "TYPE", "SEQUENCE_NAME", "MAX_LENGTH", "MIN_LENGTH", "IS_SHOW", "IS_WRAP", "PROPERTY_PARAGRAPH", "PROPERTY_CATEGORY", "LINAGE", "IS_VALID", "IS_MUTI_UK", "IS_USED_PAIXU", "IS_NEED", "ORDER_SIGN", "CITE", "NUM_LENGTH", "NUM_PRECISION", "REF_VIEW_ID", "ARITH_ID", "ARITH_NAME", "ARITH_METHOD", "ARITH_TYPE", "MAP_COLUMN", "SEQ_VALUE", "EDITABLE", "SEQ_INTERVAL", "SELECTOR", "UNIT") VALUES ('#SEQ_CWM_TAB_COLUMNS-75#', 'C_BM', '部门', '1', NULL, 'C_BM_#SEQ_CWM_TABLES-11#', '#SEQ_CWM_TABLES-11#', 'False', 'False', 'False', 'like', '新增,修改,详细,列表', 'CaseInsensitive', NULL, 'False', 'False', NULL, 'False', NULL, 'String', NULL, '100', '0', 'True', 'False', NULL, NULL, '1', '1', NULL, NULL, NULL, '9', '//@数据类/@children.8/@普通属性.9', NULL, NULL, NULL, NULL, NULL, NULL, NULL, NULL, '1', '0', '1', '{"filterType":"","filterValue":"","multiSelect":"false","selectorType":"0"}', NULL)
INSERT INTO "CWM_TAB_COLUMNS" ("ID", "S_NAME", "DISPLAY_NAME", "CATEGORY", "DESCRIPTION", "S_COLUMN_NAME", "TABLE_ID", "IS_WHO_SEARCH", "IS_FOR_SEARCH", "IS_INDEX", "OPERATE_SIGN", "PURPOSE", "CASESENSITIVE", "DEFAULT_VALUE", "IS_NULLABLE", "IS_ONLY", "IS_PK", "IS_AUTOINCREMENT", "RESTRICTION_ID", "TYPE", "SEQUENCE_NAME", "MAX_LENGTH", "MIN_LENGTH", "IS_SHOW", "IS_WRAP", "PROPERTY_PARAGRAPH", "PROPERTY_CATEGORY", "LINAGE", "IS_VALID", "IS_MUTI_UK", "IS_USED_PAIXU", "IS_NEED", "ORDER_SIGN", "CITE", "NUM_LENGTH", "NUM_PRECISION", "REF_VIEW_ID", "ARITH_ID", "ARITH_NAME", "ARITH_METHOD", "ARITH_TYPE", "MAP_COLUMN", "SEQ_VALUE", "EDITABLE", "SEQ_INTERVAL", "SELECTOR", "UNIT") VALUES ('#SEQ_CWM_TAB_COLUMNS-76#', 'REF_RYFL', '人员分类', '2', NULL, 'REF_RYFL_#SEQ_CWM_TABLES-11#', '#SEQ_CWM_TABLES-11#', NULL, NULL, NULL, NULL, '新增,修改,详细,列表', NULL, NULL, NULL, NULL, NULL, NULL, NULL, 'String', NULL, NULL, NULL, 'True', NULL, NULL, NULL, NULL, '1', NULL, NULL, 'True', '0', '//@数据类/@children.8/@关系属性.0', NULL, NULL, NULL, NULL, NULL, NULL, NULL, NULL, NULL, NULL, NULL, NULL, NULL)
INSERT INTO "CWM_TAB_COLUMNS" ("ID", "S_NAME", "DISPLAY_NAME", "CATEGORY", "DESCRIPTION", "S_COLUMN_NAME", "TABLE_ID", "IS_WHO_SEARCH", "IS_FOR_SEARCH", "IS_INDEX", "OPERATE_SIGN", "PURPOSE", "CASESENSITIVE", "DEFAULT_VALUE", "IS_NULLABLE", "IS_ONLY", "IS_PK", "IS_AUTOINCREMENT", "RESTRICTION_ID", "TYPE", "SEQUENCE_NAME", "MAX_LENGTH", "MIN_LENGTH", "IS_SHOW", "IS_WRAP", "PROPERTY_PARAGRAPH", "PROPERTY_CATEGORY", "LINAGE", "IS_VALID", "IS_MUTI_UK", "IS_USED_PAIXU", "IS_NEED", "ORDER_SIGN", "CITE", "NUM_LENGTH", "NUM_PRECISION", "REF_VIEW_ID", "ARITH_ID", "ARITH_NAME", "ARITH_METHOD", "ARITH_TYPE", "MAP_COLUMN", "SEQ_VALUE", "EDITABLE", "SEQ_INTERVAL", "SELECTOR", "UNIT") VALUES ('#SEQ_CWM_TAB_COLUMNS-77#', 'C_XM', '姓名', '1', NULL, 'C_XM_#SEQ_CWM_TABLES-11#', '#SEQ_CWM_TABLES-11#', 'False', 'False', 'False', 'like', '新增,修改,详细,列表', 'CaseInsensitive', NULL, 'True', 'False', NULL, 'False', NULL, 'String', NULL, '100', '0', 'True', 'False', NULL, NULL, '1', '1', NULL, NULL, NULL, '0', '//@数据类/@children.8/@普通属性.0', NULL, NULL, NULL, NULL, NULL, NULL, NULL, NULL, '1', '0', '1', NULL, NULL)
INSERT INTO "CWM_TAB_COLUMNS" ("ID", "S_NAME", "DISPLAY_NAME", "CATEGORY", "DESCRIPTION", "S_COLUMN_NAME", "TABLE_ID", "IS_WHO_SEARCH", "IS_FOR_SEARCH", "IS_INDEX", "OPERATE_SIGN", "PURPOSE", "CASESENSITIVE", "DEFAULT_VALUE", "IS_NULLABLE", "IS_ONLY", "IS_PK", "IS_AUTOINCREMENT", "RESTRICTION_ID", "TYPE", "SEQUENCE_NAME", "MAX_LENGTH", "MIN_LENGTH", "IS_SHOW", "IS_WRAP", "PROPERTY_PARAGRAPH", "PROPERTY_CATEGORY", "LINAGE", "IS_VALID", "IS_MUTI_UK", "IS_USED_PAIXU", "IS_NEED", "ORDER_SIGN", "CITE", "NUM_LENGTH", "NUM_PRECISION", "REF_VIEW_ID", "ARITH_ID", "ARITH_NAME", "ARITH_METHOD", "ARITH_TYPE", "MAP_COLUMN", "SEQ_VALUE", "EDITABLE", "SEQ_INTERVAL", "SELECTOR", "UNIT") VALUES ('#SEQ_CWM_TAB_COLUMNS-78#', 'C_YJ', '邮件', '1', NULL, 'C_YJ_#SEQ_CWM_TABLES-11#', '#SEQ_CWM_TABLES-11#', 'False', 'False', 'False', 'like', '新增,修改,详细,列表', 'CaseInsensitive', NULL, 'False', 'False', NULL, 'False', NULL, 'String', NULL, '100', '0', 'True', 'False', NULL, NULL, '1', '1', NULL, NULL, NULL, '5', '//@数据类/@children.8/@普通属性.5', NULL, NULL, NULL, NULL, NULL, NULL, NULL, NULL, '1', '0', '1', NULL, NULL)
INSERT INTO "CWM_TAB_COLUMNS" ("ID", "S_NAME", "DISPLAY_NAME", "CATEGORY", "DESCRIPTION", "S_COLUMN_NAME", "TABLE_ID", "IS_WHO_SEARCH", "IS_FOR_SEARCH", "IS_INDEX", "OPERATE_SIGN", "PURPOSE", "CASESENSITIVE", "DEFAULT_VALUE", "IS_NULLABLE", "IS_ONLY", "IS_PK", "IS_AUTOINCREMENT", "RESTRICTION_ID", "TYPE", "SEQUENCE_NAME", "MAX_LENGTH", "MIN_LENGTH", "IS_SHOW", "IS_WRAP", "PROPERTY_PARAGRAPH", "PROPERTY_CATEGORY", "LINAGE", "IS_VALID", "IS_MUTI_UK", "IS_USED_PAIXU", "IS_NEED", "ORDER_SIGN", "CITE", "NUM_LENGTH", "NUM_PRECISION", "REF_VIEW_ID", "ARITH_ID", "ARITH_NAME", "ARITH_METHOD", "ARITH_TYPE", "MAP_COLUMN", "SEQ_VALUE", "EDITABLE", "SEQ_INTERVAL", "SELECTOR", "UNIT") VALUES ('#SEQ_CWM_TAB_COLUMNS-79#', 'C_SJ', '手机', '1', NULL, 'C_SJ_#SEQ_CWM_TABLES-11#', '#SEQ_CWM_TABLES-11#', 'False', 'False', 'False', 'like', '新增,修改,详细,列表', 'CaseInsensitive', NULL, 'False', 'False', NULL, 'False', NULL, 'String', NULL, '100', '0', 'True', 'False', NULL, NULL, '1', '1', NULL, NULL, NULL, '4', '//@数据类/@children.8/@普通属性.4', NULL, NULL, NULL, NULL, NULL, NULL, NULL, NULL, '1', '0', '1', NULL, NULL)
INSERT INTO "CWM_TAB_COLUMNS" ("ID", "S_NAME", "DISPLAY_NAME", "CATEGORY", "DESCRIPTION", "S_COLUMN_NAME", "TABLE_ID", "IS_WHO_SEARCH", "IS_FOR_SEARCH", "IS_INDEX", "OPERATE_SIGN", "PURPOSE", "CASESENSITIVE", "DEFAULT_VALUE", "IS_NULLABLE", "IS_ONLY", "IS_PK", "IS_AUTOINCREMENT", "RESTRICTION_ID", "TYPE", "SEQUENCE_NAME", "MAX_LENGTH", "MIN_LENGTH", "IS_SHOW", "IS_WRAP", "PROPERTY_PARAGRAPH", "PROPERTY_CATEGORY", "LINAGE", "IS_VALID", "IS_MUTI_UK", "IS_USED_PAIXU", "IS_NEED", "ORDER_SIGN", "CITE", "NUM_LENGTH", "NUM_PRECISION", "REF_VIEW_ID", "ARITH_ID", "ARITH_NAME", "ARITH_METHOD", "ARITH_TYPE", "MAP_COLUMN", "SEQ_VALUE", "EDITABLE", "SEQ_INTERVAL", "SELECTOR", "UNIT") VALUES ('#SEQ_CWM_TAB_COLUMNS-80#', 'C_XTYH', '系统用户', '1', NULL, 'C_XTYH_#SEQ_CWM_TABLES-11#', '#SEQ_CWM_TABLES-11#', 'False', 'False', 'False', 'like', '新增,修改,详细,列表', 'CaseInsensitive', NULL, 'False', 'False', NULL, 'False', NULL, 'String', NULL, '100', '0', 'True', 'False', NULL, NULL, '1', '1', NULL, NULL, NULL, '8', '//@数据类/@children.8/@普通属性.8', NULL, NULL, NULL, NULL, NULL, NULL, NULL, NULL, '1', '0', '1', '{"filterType":"1","filterValue":"","multiSelect":"false","selectorType":"1"}', NULL)
INSERT INTO "CWM_TAB_COLUMNS" ("ID", "S_NAME", "DISPLAY_NAME", "CATEGORY", "DESCRIPTION", "S_COLUMN_NAME", "TABLE_ID", "IS_WHO_SEARCH", "IS_FOR_SEARCH", "IS_INDEX", "OPERATE_SIGN", "PURPOSE", "CASESENSITIVE", "DEFAULT_VALUE", "IS_NULLABLE", "IS_ONLY", "IS_PK", "IS_AUTOINCREMENT", "RESTRICTION_ID", "TYPE", "SEQUENCE_NAME", "MAX_LENGTH", "MIN_LENGTH", "IS_SHOW", "IS_WRAP", "PROPERTY_PARAGRAPH", "PROPERTY_CATEGORY", "LINAGE", "IS_VALID", "IS_MUTI_UK", "IS_USED_PAIXU", "IS_NEED", "ORDER_SIGN", "CITE", "NUM_LENGTH", "NUM_PRECISION", "REF_VIEW_ID", "ARITH_ID", "ARITH_NAME", "ARITH_METHOD", "ARITH_TYPE", "MAP_COLUMN", "SEQ_VALUE", "EDITABLE", "SEQ_INTERVAL", "SELECTOR", "UNIT") VALUES ('#SEQ_CWM_TAB_COLUMNS-81#', 'C_XB', '性别', '1', NULL, 'C_XB_#SEQ_CWM_TABLES-11#', '#SEQ_CWM_TABLES-11#', 'False', 'False', 'False', 'like', '新增,修改,详细,列表', 'CaseInsensitive', NULL, 'False', 'False', NULL, 'False', '#SEQ_CWM_RESTRICTION-3#', 'String', NULL, '100', '0', 'True', 'False', NULL, NULL, '1', '1', NULL, NULL, NULL, '1', '//@数据类/@children.8/@普通属性.1', NULL, NULL, NULL, NULL, NULL, NULL, NULL, NULL, '1', '0', '1', NULL, NULL)
INSERT INTO "CWM_TAB_COLUMNS" ("ID", "S_NAME", "DISPLAY_NAME", "CATEGORY", "DESCRIPTION", "S_COLUMN_NAME", "TABLE_ID", "IS_WHO_SEARCH", "IS_FOR_SEARCH", "IS_INDEX", "OPERATE_SIGN", "PURPOSE", "CASESENSITIVE", "DEFAULT_VALUE", "IS_NULLABLE", "IS_ONLY", "IS_PK", "IS_AUTOINCREMENT", "RESTRICTION_ID", "TYPE", "SEQUENCE_NAME", "MAX_LENGTH", "MIN_LENGTH", "IS_SHOW", "IS_WRAP", "PROPERTY_PARAGRAPH", "PROPERTY_CATEGORY", "LINAGE", "IS_VALID", "IS_MUTI_UK", "IS_USED_PAIXU", "IS_NEED", "ORDER_SIGN", "CITE", "NUM_LENGTH", "NUM_PRECISION", "REF_VIEW_ID", "ARITH_ID", "ARITH_NAME", "ARITH_METHOD", "ARITH_TYPE", "MAP_COLUMN", "SEQ_VALUE", "EDITABLE", "SEQ_INTERVAL", "SELECTOR", "UNIT") VALUES ('#SEQ_CWM_TAB_COLUMNS-82#', 'C_ZW', '职务', '1', NULL, 'C_ZW_#SEQ_CWM_TABLES-11#', '#SEQ_CWM_TABLES-11#', 'False', 'False', 'False', 'like', '新增,修改,详细,列表', 'CaseInsensitive', NULL, 'False', 'False', NULL, 'False', '#SEQ_CWM_RESTRICTION-4#', 'String', NULL, '100', '0', 'True', 'False', NULL, NULL, '1', '1', NULL, NULL, NULL, '6', '//@数据类/@children.8/@普通属性.6', NULL, NULL, NULL, NULL, NULL, NULL, NULL, NULL, '1', '0', '1', NULL, NULL)
INSERT INTO "CWM_TAB_COLUMNS" ("ID", "S_NAME", "DISPLAY_NAME", "CATEGORY", "DESCRIPTION", "S_COLUMN_NAME", "TABLE_ID", "IS_WHO_SEARCH", "IS_FOR_SEARCH", "IS_INDEX", "OPERATE_SIGN", "PURPOSE", "CASESENSITIVE", "DEFAULT_VALUE", "IS_NULLABLE", "IS_ONLY", "IS_PK", "IS_AUTOINCREMENT", "RESTRICTION_ID", "TYPE", "SEQUENCE_NAME", "MAX_LENGTH", "MIN_LENGTH", "IS_SHOW", "IS_WRAP", "PROPERTY_PARAGRAPH", "PROPERTY_CATEGORY", "LINAGE", "IS_VALID", "IS_MUTI_UK", "IS_USED_PAIXU", "IS_NEED", "ORDER_SIGN", "CITE", "NUM_LENGTH", "NUM_PRECISION", "REF_VIEW_ID", "ARITH_ID", "ARITH_NAME", "ARITH_METHOD", "ARITH_TYPE", "MAP_COLUMN", "SEQ_VALUE", "EDITABLE", "SEQ_INTERVAL", "SELECTOR", "UNIT") VALUES ('#SEQ_CWM_TAB_COLUMNS-83#', 'REF_TDRY', '团队人员', '2', NULL, 'REF_TDRY_#SEQ_CWM_TABLES-11#', '#SEQ_CWM_TABLES-11#', NULL, NULL, NULL, NULL, '新增,修改,详细,列表', NULL, NULL, NULL, NULL, NULL, NULL, NULL, 'String', NULL, NULL, NULL, 'True', NULL, NULL, NULL, NULL, '1', NULL, NULL, 'False', '1', '//@数据类/@children.8/@关系属性.1', NULL, NULL, NULL, NULL, NULL, NULL, NULL, NULL, NULL, NULL, NULL, NULL, NULL)
INSERT INTO "CWM_TAB_COLUMNS" ("ID", "S_NAME", "DISPLAY_NAME", "CATEGORY", "DESCRIPTION", "S_COLUMN_NAME", "TABLE_ID", "IS_WHO_SEARCH", "IS_FOR_SEARCH", "IS_INDEX", "OPERATE_SIGN", "PURPOSE", "CASESENSITIVE", "DEFAULT_VALUE", "IS_NULLABLE", "IS_ONLY", "IS_PK", "IS_AUTOINCREMENT", "RESTRICTION_ID", "TYPE", "SEQUENCE_NAME", "MAX_LENGTH", "MIN_LENGTH", "IS_SHOW", "IS_WRAP", "PROPERTY_PARAGRAPH", "PROPERTY_CATEGORY", "LINAGE", "IS_VALID", "IS_MUTI_UK", "IS_USED_PAIXU", "IS_NEED", "ORDER_SIGN", "CITE", "NUM_LENGTH", "NUM_PRECISION", "REF_VIEW_ID", "ARITH_ID", "ARITH_NAME", "ARITH_METHOD", "ARITH_TYPE", "MAP_COLUMN", "SEQ_VALUE", "EDITABLE", "SEQ_INTERVAL", "SELECTOR", "UNIT") VALUES ('#SEQ_CWM_TAB_COLUMNS-84#', 'C_SR', '生日', '1', NULL, 'C_SR_#SEQ_CWM_TABLES-11#', '#SEQ_CWM_TABLES-11#', 'False', 'False', 'False', 'like', '新增,修改,详细,列表', 'CaseInsensitive', NULL, 'False', 'False', NULL, 'False', NULL, 'Date', NULL, '100', '0', 'True', 'False', NULL, NULL, '1', '1', NULL, NULL, NULL, '2', '//@数据类/@children.8/@普通属性.2', NULL, NULL, NULL, NULL, NULL, NULL, NULL, NULL, '1', '0', '1', NULL, NULL)
INSERT INTO "CWM_TAB_COLUMNS" ("ID", "S_NAME", "DISPLAY_NAME", "CATEGORY", "DESCRIPTION", "S_COLUMN_NAME", "TABLE_ID", "IS_WHO_SEARCH", "IS_FOR_SEARCH", "IS_INDEX", "OPERATE_SIGN", "PURPOSE", "CASESENSITIVE", "DEFAULT_VALUE", "IS_NULLABLE", "IS_ONLY", "IS_PK", "IS_AUTOINCREMENT", "RESTRICTION_ID", "TYPE", "SEQUENCE_NAME", "MAX_LENGTH", "MIN_LENGTH", "IS_SHOW", "IS_WRAP", "PROPERTY_PARAGRAPH", "PROPERTY_CATEGORY", "LINAGE", "IS_VALID", "IS_MUTI_UK", "IS_USED_PAIXU", "IS_NEED", "ORDER_SIGN", "CITE", "NUM_LENGTH", "NUM_PRECISION", "REF_VIEW_ID", "ARITH_ID", "ARITH_NAME", "ARITH_METHOD", "ARITH_TYPE", "MAP_COLUMN", "SEQ_VALUE", "EDITABLE", "SEQ_INTERVAL", "SELECTOR", "UNIT") VALUES ('#SEQ_CWM_TAB_COLUMNS-85#', 'C_MJ', '密级', '1', NULL, 'C_MJ_#SEQ_CWM_TABLES-11#', '#SEQ_CWM_TABLES-11#', 'False', 'False', 'False', 'like', '新增,修改,详细,列表', 'CaseInsensitive', NULL, 'False', 'False', NULL, 'False', '#SEQ_CWM_RESTRICTION-2#', 'String', NULL, '100', '0', 'True', 'False', NULL, NULL, '1', '1', NULL, NULL, NULL, '7', '//@数据类/@children.8/@普通属性.7', NULL, NULL, NULL, NULL, NULL, NULL, NULL, NULL, '1', '0', '1', NULL, NULL)
INSERT INTO "CWM_TAB_COLUMNS" ("ID", "S_NAME", "DISPLAY_NAME", "CATEGORY", "DESCRIPTION", "S_COLUMN_NAME", "TABLE_ID", "IS_WHO_SEARCH", "IS_FOR_SEARCH", "IS_INDEX", "OPERATE_SIGN", "PURPOSE", "CASESENSITIVE", "DEFAULT_VALUE", "IS_NULLABLE", "IS_ONLY", "IS_PK", "IS_AUTOINCREMENT", "RESTRICTION_ID", "TYPE", "SEQUENCE_NAME", "MAX_LENGTH", "MIN_LENGTH", "IS_SHOW", "IS_WRAP", "PROPERTY_PARAGRAPH", "PROPERTY_CATEGORY", "LINAGE", "IS_VALID", "IS_MUTI_UK", "IS_USED_PAIXU", "IS_NEED", "ORDER_SIGN", "CITE", "NUM_LENGTH", "NUM_PRECISION", "REF_VIEW_ID", "ARITH_ID", "ARITH_NAME", "ARITH_METHOD", "ARITH_TYPE", "MAP_COLUMN", "SEQ_VALUE", "EDITABLE", "SEQ_INTERVAL", "SELECTOR", "UNIT") VALUES ('#SEQ_CWM_TAB_COLUMNS-86#', 'SUB_SYTD', '子试验团队', '2', NULL, 'SUB_SYTD_#SEQ_CWM_TABLES-12#', '#SEQ_CWM_TABLES-12#', NULL, NULL, NULL, NULL, '新增,修改,详细,列表', NULL, NULL, NULL, NULL, NULL, NULL, NULL, 'String', NULL, NULL, NULL, 'True', NULL, NULL, NULL, NULL, '1', NULL, NULL, 'False', '1', '//@数据类/@children.9/@关系属性.1', NULL, NULL, NULL, NULL, NULL, NULL, NULL, NULL, NULL, NULL, NULL, NULL, NULL)
INSERT INTO "CWM_TAB_COLUMNS" ("ID", "S_NAME", "DISPLAY_NAME", "CATEGORY", "DESCRIPTION", "S_COLUMN_NAME", "TABLE_ID", "IS_WHO_SEARCH", "IS_FOR_SEARCH", "IS_INDEX", "OPERATE_SIGN", "PURPOSE", "CASESENSITIVE", "DEFAULT_VALUE", "IS_NULLABLE", "IS_ONLY", "IS_PK", "IS_AUTOINCREMENT", "RESTRICTION_ID", "TYPE", "SEQUENCE_NAME", "MAX_LENGTH", "MIN_LENGTH", "IS_SHOW", "IS_WRAP", "PROPERTY_PARAGRAPH", "PROPERTY_CATEGORY", "LINAGE", "IS_VALID", "IS_MUTI_UK", "IS_USED_PAIXU", "IS_NEED", "ORDER_SIGN", "CITE", "NUM_LENGTH", "NUM_PRECISION", "REF_VIEW_ID", "ARITH_ID", "ARITH_NAME", "ARITH_METHOD", "ARITH_TYPE", "MAP_COLUMN", "SEQ_VALUE", "EDITABLE", "SEQ_INTERVAL", "SELECTOR", "UNIT") VALUES ('#SEQ_CWM_TAB_COLUMNS-87#', 'REF_SYTD', '所属试验团队', '2', NULL, 'REF_SYTD_#SEQ_CWM_TABLES-12#', '#SEQ_CWM_TABLES-12#', NULL, NULL, NULL, NULL, '新增,修改,详细,列表', NULL, NULL, NULL, NULL, NULL, NULL, NULL, 'String', NULL, NULL, NULL, 'True', NULL, NULL, NULL, NULL, '1', NULL, NULL, 'False', '0', '//@数据类/@children.9/@关系属性.0', NULL, NULL, NULL, NULL, NULL, NULL, NULL, NULL, NULL, NULL, NULL, NULL, NULL)
INSERT INTO "CWM_TAB_COLUMNS" ("ID", "S_NAME", "DISPLAY_NAME", "CATEGORY", "DESCRIPTION", "S_COLUMN_NAME", "TABLE_ID", "IS_WHO_SEARCH", "IS_FOR_SEARCH", "IS_INDEX", "OPERATE_SIGN", "PURPOSE", "CASESENSITIVE", "DEFAULT_VALUE", "IS_NULLABLE", "IS_ONLY", "IS_PK", "IS_AUTOINCREMENT", "RESTRICTION_ID", "TYPE", "SEQUENCE_NAME", "MAX_LENGTH", "MIN_LENGTH", "IS_SHOW", "IS_WRAP", "PROPERTY_PARAGRAPH", "PROPERTY_CATEGORY", "LINAGE", "IS_VALID", "IS_MUTI_UK", "IS_USED_PAIXU", "IS_NEED", "ORDER_SIGN", "CITE", "NUM_LENGTH", "NUM_PRECISION", "REF_VIEW_ID", "ARITH_ID", "ARITH_NAME", "ARITH_METHOD", "ARITH_TYPE", "MAP_COLUMN", "SEQ_VALUE", "EDITABLE", "SEQ_INTERVAL", "SELECTOR", "UNIT") VALUES ('#SEQ_CWM_TAB_COLUMNS-88#', 'C_MC', '团队名称', '1', NULL, 'C_MC_#SEQ_CWM_TABLES-12#', '#SEQ_CWM_TABLES-12#', 'False', 'False', 'False', 'like', '新增,修改,详细,列表', 'CaseInsensitive', NULL, 'False', 'False', NULL, 'False', NULL, 'String', NULL, '100', '0', 'True', 'False', NULL, NULL, '1', '1', NULL, NULL, NULL, '0', '//@数据类/@children.9/@普通属性.0', NULL, NULL, NULL, NULL, NULL, NULL, NULL, NULL, '1', '0', '1', NULL, NULL)
INSERT INTO "CWM_TAB_COLUMNS" ("ID", "S_NAME", "DISPLAY_NAME", "CATEGORY", "DESCRIPTION", "S_COLUMN_NAME", "TABLE_ID", "IS_WHO_SEARCH", "IS_FOR_SEARCH", "IS_INDEX", "OPERATE_SIGN", "PURPOSE", "CASESENSITIVE", "DEFAULT_VALUE", "IS_NULLABLE", "IS_ONLY", "IS_PK", "IS_AUTOINCREMENT", "RESTRICTION_ID", "TYPE", "SEQUENCE_NAME", "MAX_LENGTH", "MIN_LENGTH", "IS_SHOW", "IS_WRAP", "PROPERTY_PARAGRAPH", "PROPERTY_CATEGORY", "LINAGE", "IS_VALID", "IS_MUTI_UK", "IS_USED_PAIXU", "IS_NEED", "ORDER_SIGN", "CITE", "NUM_LENGTH", "NUM_PRECISION", "REF_VIEW_ID", "ARITH_ID", "ARITH_NAME", "ARITH_METHOD", "ARITH_TYPE", "MAP_COLUMN", "SEQ_VALUE", "EDITABLE", "SEQ_INTERVAL", "SELECTOR", "UNIT") VALUES ('#SEQ_CWM_TAB_COLUMNS-89#', 'REF_TDRY', '团队人员', '2', NULL, 'REF_TDRY_#SEQ_CWM_TABLES-12#', '#SEQ_CWM_TABLES-12#', NULL, NULL, NULL, NULL, '新增,修改,详细,列表', NULL, NULL, NULL, NULL, NULL, NULL, NULL, 'String', NULL, NULL, NULL, 'True', NULL, NULL, NULL, NULL, '1', NULL, NULL, 'False', '2', '//@数据类/@children.9/@关系属性.2', NULL, NULL, NULL, NULL, NULL, NULL, NULL, NULL, NULL, NULL, NULL, NULL, NULL)
INSERT INTO "CWM_TAB_COLUMNS" ("ID", "S_NAME", "DISPLAY_NAME", "CATEGORY", "DESCRIPTION", "S_COLUMN_NAME", "TABLE_ID", "IS_WHO_SEARCH", "IS_FOR_SEARCH", "IS_INDEX", "OPERATE_SIGN", "PURPOSE", "CASESENSITIVE", "DEFAULT_VALUE", "IS_NULLABLE", "IS_ONLY", "IS_PK", "IS_AUTOINCREMENT", "RESTRICTION_ID", "TYPE", "SEQUENCE_NAME", "MAX_LENGTH", "MIN_LENGTH", "IS_SHOW", "IS_WRAP", "PROPERTY_PARAGRAPH", "PROPERTY_CATEGORY", "LINAGE", "IS_VALID", "IS_MUTI_UK", "IS_USED_PAIXU", "IS_NEED", "ORDER_SIGN", "CITE", "NUM_LENGTH", "NUM_PRECISION", "REF_VIEW_ID", "ARITH_ID", "ARITH_NAME", "ARITH_METHOD", "ARITH_TYPE", "MAP_COLUMN", "SEQ_VALUE", "EDITABLE", "SEQ_INTERVAL", "SELECTOR", "UNIT") VALUES ('#SEQ_CWM_TAB_COLUMNS-90#', 'C_MS', '描述', '1', NULL, 'C_MS_#SEQ_CWM_TABLES-12#', '#SEQ_CWM_TABLES-12#', 'False', 'False', 'False', 'like', '新增,修改,详细,列表', 'CaseInsensitive', NULL, 'False', 'False', NULL, 'False', NULL, 'Text', NULL, '100', '0', 'True', 'False', NULL, NULL, '1', '1', NULL, NULL, NULL, '1', '//@数据类/@children.9/@普通属性.1', NULL, NULL, NULL, NULL, NULL, NULL, NULL, NULL, '1', '0', '1', NULL, NULL)
INSERT INTO "CWM_TAB_COLUMNS" ("ID", "S_NAME", "DISPLAY_NAME", "CATEGORY", "DESCRIPTION", "S_COLUMN_NAME", "TABLE_ID", "IS_WHO_SEARCH", "IS_FOR_SEARCH", "IS_INDEX", "OPERATE_SIGN", "PURPOSE", "CASESENSITIVE", "DEFAULT_VALUE", "IS_NULLABLE", "IS_ONLY", "IS_PK", "IS_AUTOINCREMENT", "RESTRICTION_ID", "TYPE", "SEQUENCE_NAME", "MAX_LENGTH", "MIN_LENGTH", "IS_SHOW", "IS_WRAP", "PROPERTY_PARAGRAPH", "PROPERTY_CATEGORY", "LINAGE", "IS_VALID", "IS_MUTI_UK", "IS_USED_PAIXU", "IS_NEED", "ORDER_SIGN", "CITE", "NUM_LENGTH", "NUM_PRECISION", "REF_VIEW_ID", "ARITH_ID", "ARITH_NAME", "ARITH_METHOD", "ARITH_TYPE", "MAP_COLUMN", "SEQ_VALUE", "EDITABLE", "SEQ_INTERVAL", "SELECTOR", "UNIT") VALUES ('#SEQ_CWM_TAB_COLUMNS-91#', 'REF_SYRY', '试验人员', '2', NULL, 'REF_SYRY_#SEQ_CWM_TABLES-13#', '#SEQ_CWM_TABLES-13#', NULL, NULL, NULL, NULL, '新增,修改,详细,列表', NULL, NULL, NULL, NULL, NULL, NULL, NULL, 'String', NULL, NULL, NULL, 'True', NULL, NULL, NULL, NULL, '1', NULL, NULL, 'False', '1', '//@数据类/@children.10/@关系属性.1', NULL, NULL, NULL, NULL, NULL, NULL, NULL, NULL, NULL, NULL, NULL, NULL, NULL)
INSERT INTO "CWM_TAB_COLUMNS" ("ID", "S_NAME", "DISPLAY_NAME", "CATEGORY", "DESCRIPTION", "S_COLUMN_NAME", "TABLE_ID", "IS_WHO_SEARCH", "IS_FOR_SEARCH", "IS_INDEX", "OPERATE_SIGN", "PURPOSE", "CASESENSITIVE", "DEFAULT_VALUE", "IS_NULLABLE", "IS_ONLY", "IS_PK", "IS_AUTOINCREMENT", "RESTRICTION_ID", "TYPE", "SEQUENCE_NAME", "MAX_LENGTH", "MIN_LENGTH", "IS_SHOW", "IS_WRAP", "PROPERTY_PARAGRAPH", "PROPERTY_CATEGORY", "LINAGE", "IS_VALID", "IS_MUTI_UK", "IS_USED_PAIXU", "IS_NEED", "ORDER_SIGN", "CITE", "NUM_LENGTH", "NUM_PRECISION", "REF_VIEW_ID", "ARITH_ID", "ARITH_NAME", "ARITH_METHOD", "ARITH_TYPE", "MAP_COLUMN", "SEQ_VALUE", "EDITABLE", "SEQ_INTERVAL", "SELECTOR", "UNIT") VALUES ('#SEQ_CWM_TAB_COLUMNS-92#', 'C_CODE', '编号', '1', NULL, 'C_CODE_#SEQ_CWM_TABLES-13#', '#SEQ_CWM_TABLES-13#', 'False', 'False', 'False', 'like', '新增,修改,详细,列表', 'CaseInsensitive', NULL, 'False', 'False', NULL, 'False', NULL, 'String', NULL, '100', '0', 'True', 'False', NULL, NULL, '1', '1', NULL, NULL, NULL, '0', '//@数据类/@children.10/@普通属性.0', NULL, NULL, NULL, NULL, NULL, NULL, NULL, NULL, '1', '0', '1', NULL, NULL)
INSERT INTO "CWM_TAB_COLUMNS" ("ID", "S_NAME", "DISPLAY_NAME", "CATEGORY", "DESCRIPTION", "S_COLUMN_NAME", "TABLE_ID", "IS_WHO_SEARCH", "IS_FOR_SEARCH", "IS_INDEX", "OPERATE_SIGN", "PURPOSE", "CASESENSITIVE", "DEFAULT_VALUE", "IS_NULLABLE", "IS_ONLY", "IS_PK", "IS_AUTOINCREMENT", "RESTRICTION_ID", "TYPE", "SEQUENCE_NAME", "MAX_LENGTH", "MIN_LENGTH", "IS_SHOW", "IS_WRAP", "PROPERTY_PARAGRAPH", "PROPERTY_CATEGORY", "LINAGE", "IS_VALID", "IS_MUTI_UK", "IS_USED_PAIXU", "IS_NEED", "ORDER_SIGN", "CITE", "NUM_LENGTH", "NUM_PRECISION", "REF_VIEW_ID", "ARITH_ID", "ARITH_NAME", "ARITH_METHOD", "ARITH_TYPE", "MAP_COLUMN", "SEQ_VALUE", "EDITABLE", "SEQ_INTERVAL", "SELECTOR", "UNIT") VALUES ('#SEQ_CWM_TAB_COLUMNS-93#', 'REF_SYTD', '试验团队', '2', NULL, 'REF_SYTD_#SEQ_CWM_TABLES-13#', '#SEQ_CWM_TABLES-13#', NULL, NULL, NULL, NULL, '新增,修改,详细,列表', NULL, NULL, NULL, NULL, NULL, NULL, NULL, 'String', NULL, NULL, NULL, 'True', NULL, NULL, NULL, NULL, '1', NULL, NULL, 'False', '0', '//@数据类/@children.10/@关系属性.0', NULL, NULL, NULL, NULL, NULL, NULL, NULL, NULL, NULL, NULL, NULL, NULL, NULL)
INSERT INTO "CWM_TAB_COLUMNS" ("ID", "S_NAME", "DISPLAY_NAME", "CATEGORY", "DESCRIPTION", "S_COLUMN_NAME", "TABLE_ID", "IS_WHO_SEARCH", "IS_FOR_SEARCH", "IS_INDEX", "OPERATE_SIGN", "PURPOSE", "CASESENSITIVE", "DEFAULT_VALUE", "IS_NULLABLE", "IS_ONLY", "IS_PK", "IS_AUTOINCREMENT", "RESTRICTION_ID", "TYPE", "SEQUENCE_NAME", "MAX_LENGTH", "MIN_LENGTH", "IS_SHOW", "IS_WRAP", "PROPERTY_PARAGRAPH", "PROPERTY_CATEGORY", "LINAGE", "IS_VALID", "IS_MUTI_UK", "IS_USED_PAIXU", "IS_NEED", "ORDER_SIGN", "CITE", "NUM_LENGTH", "NUM_PRECISION", "REF_VIEW_ID", "ARITH_ID", "ARITH_NAME", "ARITH_METHOD", "ARITH_TYPE", "MAP_COLUMN", "SEQ_VALUE", "EDITABLE", "SEQ_INTERVAL", "SELECTOR", "UNIT") VALUES ('#SEQ_CWM_TAB_COLUMNS-94#', 'C_MS', '描述', '1', NULL, 'C_MS_#SEQ_CWM_TABLES-14#', '#SEQ_CWM_TABLES-14#', 'False', 'False', 'False', 'like', '新增,修改,详细,列表', 'CaseInsensitive', NULL, 'False', 'False', NULL, 'False', NULL, 'String', NULL, '100', '0', 'True', 'False', NULL, NULL, '1', '1', NULL, NULL, NULL, '1', '//@数据类/@children.11/@普通属性.1', NULL, NULL, NULL, NULL, NULL, NULL, NULL, NULL, '1', '0', '1', NULL, NULL)
INSERT INTO "CWM_TAB_COLUMNS" ("ID", "S_NAME", "DISPLAY_NAME", "CATEGORY", "DESCRIPTION", "S_COLUMN_NAME", "TABLE_ID", "IS_WHO_SEARCH", "IS_FOR_SEARCH", "IS_INDEX", "OPERATE_SIGN", "PURPOSE", "CASESENSITIVE", "DEFAULT_VALUE", "IS_NULLABLE", "IS_ONLY", "IS_PK", "IS_AUTOINCREMENT", "RESTRICTION_ID", "TYPE", "SEQUENCE_NAME", "MAX_LENGTH", "MIN_LENGTH", "IS_SHOW", "IS_WRAP", "PROPERTY_PARAGRAPH", "PROPERTY_CATEGORY", "LINAGE", "IS_VALID", "IS_MUTI_UK", "IS_USED_PAIXU", "IS_NEED", "ORDER_SIGN", "CITE", "NUM_LENGTH", "NUM_PRECISION", "REF_VIEW_ID", "ARITH_ID", "ARITH_NAME", "ARITH_METHOD", "ARITH_TYPE", "MAP_COLUMN", "SEQ_VALUE", "EDITABLE", "SEQ_INTERVAL", "SELECTOR", "UNIT") VALUES ('#SEQ_CWM_TAB_COLUMNS-95#', 'C_FLMC', '分类名称', '1', NULL, 'C_FLMC_#SEQ_CWM_TABLES-14#', '#SEQ_CWM_TABLES-14#', 'False', 'False', 'False', 'like', '新增,修改,详细,列表', 'CaseInsensitive', NULL, 'False', 'False', NULL, 'False', NULL, 'String', NULL, '100', '0', 'True', 'False', NULL, NULL, '1', '1', NULL, NULL, NULL, '0', '//@数据类/@children.11/@普通属性.0', NULL, NULL, NULL, NULL, NULL, NULL, NULL, NULL, '1', '0', '1', NULL, NULL)
INSERT INTO "CWM_TAB_COLUMNS" ("ID", "S_NAME", "DISPLAY_NAME", "CATEGORY", "DESCRIPTION", "S_COLUMN_NAME", "TABLE_ID", "IS_WHO_SEARCH", "IS_FOR_SEARCH", "IS_INDEX", "OPERATE_SIGN", "PURPOSE", "CASESENSITIVE", "DEFAULT_VALUE", "IS_NULLABLE", "IS_ONLY", "IS_PK", "IS_AUTOINCREMENT", "RESTRICTION_ID", "TYPE", "SEQUENCE_NAME", "MAX_LENGTH", "MIN_LENGTH", "IS_SHOW", "IS_WRAP", "PROPERTY_PARAGRAPH", "PROPERTY_CATEGORY", "LINAGE", "IS_VALID", "IS_MUTI_UK", "IS_USED_PAIXU", "IS_NEED", "ORDER_SIGN", "CITE", "NUM_LENGTH", "NUM_PRECISION", "REF_VIEW_ID", "ARITH_ID", "ARITH_NAME", "ARITH_METHOD", "ARITH_TYPE", "MAP_COLUMN", "SEQ_VALUE", "EDITABLE", "SEQ_INTERVAL", "SELECTOR", "UNIT") VALUES ('#SEQ_CWM_TAB_COLUMNS-96#', 'SUB_SYJFL', '子试验件分类', '2', NULL, 'SUB_SYJFL_#SEQ_CWM_TABLES-14#', '#SEQ_CWM_TABLES-14#', NULL, NULL, NULL, NULL, '新增,修改,详细,列表', NULL, NULL, NULL, NULL, NULL, NULL, NULL, 'String', NULL, NULL, NULL, 'True', NULL, NULL, NULL, NULL, '1', NULL, NULL, 'False', '1', '//@数据类/@children.11/@关系属性.1', NULL, NULL, NULL, NULL, NULL, NULL, NULL, NULL, NULL, NULL, NULL, NULL, NULL)
INSERT INTO "CWM_TAB_COLUMNS" ("ID", "S_NAME", "DISPLAY_NAME", "CATEGORY", "DESCRIPTION", "S_COLUMN_NAME", "TABLE_ID", "IS_WHO_SEARCH", "IS_FOR_SEARCH", "IS_INDEX", "OPERATE_SIGN", "PURPOSE", "CASESENSITIVE", "DEFAULT_VALUE", "IS_NULLABLE", "IS_ONLY", "IS_PK", "IS_AUTOINCREMENT", "RESTRICTION_ID", "TYPE", "SEQUENCE_NAME", "MAX_LENGTH", "MIN_LENGTH", "IS_SHOW", "IS_WRAP", "PROPERTY_PARAGRAPH", "PROPERTY_CATEGORY", "LINAGE", "IS_VALID", "IS_MUTI_UK", "IS_USED_PAIXU", "IS_NEED", "ORDER_SIGN", "CITE", "NUM_LENGTH", "NUM_PRECISION", "REF_VIEW_ID", "ARITH_ID", "ARITH_NAME", "ARITH_METHOD", "ARITH_TYPE", "MAP_COLUMN", "SEQ_VALUE", "EDITABLE", "SEQ_INTERVAL", "SELECTOR", "UNIT") VALUES ('#SEQ_CWM_TAB_COLUMNS-97#', 'REF_SYJ', '所属试验件', '2', NULL, 'REF_SYJ_#SEQ_CWM_TABLES-14#', '#SEQ_CWM_TABLES-14#', NULL, NULL, NULL, NULL, '新增,修改,详细,列表', NULL, NULL, NULL, NULL, NULL, NULL, NULL, 'String', NULL, NULL, NULL, 'True', NULL, NULL, NULL, NULL, '1', NULL, NULL, 'False', '2', '//@数据类/@children.11/@关系属性.2', NULL, NULL, NULL, NULL, NULL, NULL, NULL, NULL, NULL, NULL, NULL, NULL, NULL)
INSERT INTO "CWM_TAB_COLUMNS" ("ID", "S_NAME", "DISPLAY_NAME", "CATEGORY", "DESCRIPTION", "S_COLUMN_NAME", "TABLE_ID", "IS_WHO_SEARCH", "IS_FOR_SEARCH", "IS_INDEX", "OPERATE_SIGN", "PURPOSE", "CASESENSITIVE", "DEFAULT_VALUE", "IS_NULLABLE", "IS_ONLY", "IS_PK", "IS_AUTOINCREMENT", "RESTRICTION_ID", "TYPE", "SEQUENCE_NAME", "MAX_LENGTH", "MIN_LENGTH", "IS_SHOW", "IS_WRAP", "PROPERTY_PARAGRAPH", "PROPERTY_CATEGORY", "LINAGE", "IS_VALID", "IS_MUTI_UK", "IS_USED_PAIXU", "IS_NEED", "ORDER_SIGN", "CITE", "NUM_LENGTH", "NUM_PRECISION", "REF_VIEW_ID", "ARITH_ID", "ARITH_NAME", "ARITH_METHOD", "ARITH_TYPE", "MAP_COLUMN", "SEQ_VALUE", "EDITABLE", "SEQ_INTERVAL", "SELECTOR", "UNIT") VALUES ('#SEQ_CWM_TAB_COLUMNS-98#', 'REF_SYJFL', '所属分类', '2', NULL, 'REF_SYJFL_#SEQ_CWM_TABLES-14#', '#SEQ_CWM_TABLES-14#', NULL, NULL, NULL, NULL, '新增,修改,详细,列表', NULL, NULL, NULL, NULL, NULL, NULL, NULL, 'String', NULL, NULL, NULL, 'True', NULL, NULL, NULL, NULL, '1', NULL, NULL, 'False', '0', '//@数据类/@children.11/@关系属性.0', NULL, NULL, NULL, NULL, NULL, NULL, NULL, NULL, NULL, NULL, NULL, NULL, NULL)
INSERT INTO "CWM_TAB_COLUMNS" ("ID", "S_NAME", "DISPLAY_NAME", "CATEGORY", "DESCRIPTION", "S_COLUMN_NAME", "TABLE_ID", "IS_WHO_SEARCH", "IS_FOR_SEARCH", "IS_INDEX", "OPERATE_SIGN", "PURPOSE", "CASESENSITIVE", "DEFAULT_VALUE", "IS_NULLABLE", "IS_ONLY", "IS_PK", "IS_AUTOINCREMENT", "RESTRICTION_ID", "TYPE", "SEQUENCE_NAME", "MAX_LENGTH", "MIN_LENGTH", "IS_SHOW", "IS_WRAP", "PROPERTY_PARAGRAPH", "PROPERTY_CATEGORY", "LINAGE", "IS_VALID", "IS_MUTI_UK", "IS_USED_PAIXU", "IS_NEED", "ORDER_SIGN", "CITE", "NUM_LENGTH", "NUM_PRECISION", "REF_VIEW_ID", "ARITH_ID", "ARITH_NAME", "ARITH_METHOD", "ARITH_TYPE", "MAP_COLUMN", "SEQ_VALUE", "EDITABLE", "SEQ_INTERVAL", "SELECTOR", "UNIT") VALUES ('#SEQ_CWM_TAB_COLUMNS-99#', 'C_SCDW', '生产单位', '1', NULL, 'C_SCDW_#SEQ_CWM_TABLES-15#', '#SEQ_CWM_TABLES-15#', 'False', 'False', 'False', 'like', '新增,修改,详细,列表', 'CaseInsensitive', NULL, 'False', 'False', NULL, 'False', NULL, 'String', NULL, '100', '0', 'True', 'False', NULL, NULL, '1', '1', NULL, NULL, NULL, '6', '//@数据类/@children.12/@普通属性.6', NULL, NULL, NULL, NULL, NULL, NULL, NULL, NULL, '1', '0', '1', NULL, NULL)
INSERT INTO "CWM_TAB_COLUMNS" ("ID", "S_NAME", "DISPLAY_NAME", "CATEGORY", "DESCRIPTION", "S_COLUMN_NAME", "TABLE_ID", "IS_WHO_SEARCH", "IS_FOR_SEARCH", "IS_INDEX", "OPERATE_SIGN", "PURPOSE", "CASESENSITIVE", "DEFAULT_VALUE", "IS_NULLABLE", "IS_ONLY", "IS_PK", "IS_AUTOINCREMENT", "RESTRICTION_ID", "TYPE", "SEQUENCE_NAME", "MAX_LENGTH", "MIN_LENGTH", "IS_SHOW", "IS_WRAP", "PROPERTY_PARAGRAPH", "PROPERTY_CATEGORY", "LINAGE", "IS_VALID", "IS_MUTI_UK", "IS_USED_PAIXU", "IS_NEED", "ORDER_SIGN", "CITE", "NUM_LENGTH", "NUM_PRECISION", "REF_VIEW_ID", "ARITH_ID", "ARITH_NAME", "ARITH_METHOD", "ARITH_TYPE", "MAP_COLUMN", "SEQ_VALUE", "EDITABLE", "SEQ_INTERVAL", "SELECTOR", "UNIT") VALUES ('#SEQ_CWM_TAB_COLUMNS-100#', 'C_MC', '名称', '1', NULL, 'C_MC_#SEQ_CWM_TABLES-15#', '#SEQ_CWM_TABLES-15#', 'False', 'False', 'False', 'like', '新增,修改,详细,列表', 'CaseInsensitive', NULL, 'False', 'False', NULL, 'False', NULL, 'String', NULL, '100', '0', 'True', 'False', NULL, NULL, '1', '1', NULL, NULL, NULL, '1', '//@数据类/@children.12/@普通属性.1', NULL, NULL, NULL, NULL, NULL, NULL, NULL, NULL, '1', '0', '1', NULL, NULL)
INSERT INTO "CWM_TAB_COLUMNS" ("ID", "S_NAME", "DISPLAY_NAME", "CATEGORY", "DESCRIPTION", "S_COLUMN_NAME", "TABLE_ID", "IS_WHO_SEARCH", "IS_FOR_SEARCH", "IS_INDEX", "OPERATE_SIGN", "PURPOSE", "CASESENSITIVE", "DEFAULT_VALUE", "IS_NULLABLE", "IS_ONLY", "IS_PK", "IS_AUTOINCREMENT", "RESTRICTION_ID", "TYPE", "SEQUENCE_NAME", "MAX_LENGTH", "MIN_LENGTH", "IS_SHOW", "IS_WRAP", "PROPERTY_PARAGRAPH", "PROPERTY_CATEGORY", "LINAGE", "IS_VALID", "IS_MUTI_UK", "IS_USED_PAIXU", "IS_NEED", "ORDER_SIGN", "CITE", "NUM_LENGTH", "NUM_PRECISION", "REF_VIEW_ID", "ARITH_ID", "ARITH_NAME", "ARITH_METHOD", "ARITH_TYPE", "MAP_COLUMN", "SEQ_VALUE", "EDITABLE", "SEQ_INTERVAL", "SELECTOR", "UNIT") VALUES ('#SEQ_CWM_TAB_COLUMNS-101#', 'C_SJDW', '设计单位', '1', NULL, 'C_SJDW_#SEQ_CWM_TABLES-15#', '#SEQ_CWM_TABLES-15#', 'False', 'False', 'False', 'like', '新增,修改,详细,列表', 'CaseInsensitive', NULL, 'False', 'False', NULL, 'False', NULL, 'String', NULL, '100', '0', 'True', 'False', NULL, NULL, '1', '1', NULL, NULL, NULL, '5', '//@数据类/@children.12/@普通属性.5', NULL, NULL, NULL, NULL, NULL, NULL, NULL, NULL, '1', '0', '1', NULL, NULL)
INSERT INTO "CWM_TAB_COLUMNS" ("ID", "S_NAME", "DISPLAY_NAME", "CATEGORY", "DESCRIPTION", "S_COLUMN_NAME", "TABLE_ID", "IS_WHO_SEARCH", "IS_FOR_SEARCH", "IS_INDEX", "OPERATE_SIGN", "PURPOSE", "CASESENSITIVE", "DEFAULT_VALUE", "IS_NULLABLE", "IS_ONLY", "IS_PK", "IS_AUTOINCREMENT", "RESTRICTION_ID", "TYPE", "SEQUENCE_NAME", "MAX_LENGTH", "MIN_LENGTH", "IS_SHOW", "IS_WRAP", "PROPERTY_PARAGRAPH", "PROPERTY_CATEGORY", "LINAGE", "IS_VALID", "IS_MUTI_UK", "IS_USED_PAIXU", "IS_NEED", "ORDER_SIGN", "CITE", "NUM_LENGTH", "NUM_PRECISION", "REF_VIEW_ID", "ARITH_ID", "ARITH_NAME", "ARITH_METHOD", "ARITH_TYPE", "MAP_COLUMN", "SEQ_VALUE", "EDITABLE", "SEQ_INTERVAL", "SELECTOR", "UNIT") VALUES ('#SEQ_CWM_TAB_COLUMNS-102#', 'C_YZJD', '研制阶段', '1', NULL, 'C_YZJD_#SEQ_CWM_TABLES-15#', '#SEQ_CWM_TABLES-15#', 'False', 'False', 'False', 'like', '新增,修改,详细,列表', 'CaseInsensitive', NULL, 'False', 'False', NULL, 'False', NULL, 'String', NULL, '100', '0', 'True', 'False', NULL, NULL, '1', '1', NULL, NULL, NULL, '4', '//@数据类/@children.12/@普通属性.4', NULL, NULL, NULL, NULL, NULL, NULL, NULL, NULL, '1', '0', '1', NULL, NULL)
INSERT INTO "CWM_TAB_COLUMNS" ("ID", "S_NAME", "DISPLAY_NAME", "CATEGORY", "DESCRIPTION", "S_COLUMN_NAME", "TABLE_ID", "IS_WHO_SEARCH", "IS_FOR_SEARCH", "IS_INDEX", "OPERATE_SIGN", "PURPOSE", "CASESENSITIVE", "DEFAULT_VALUE", "IS_NULLABLE", "IS_ONLY", "IS_PK", "IS_AUTOINCREMENT", "RESTRICTION_ID", "TYPE", "SEQUENCE_NAME", "MAX_LENGTH", "MIN_LENGTH", "IS_SHOW", "IS_WRAP", "PROPERTY_PARAGRAPH", "PROPERTY_CATEGORY", "LINAGE", "IS_VALID", "IS_MUTI_UK", "IS_USED_PAIXU", "IS_NEED", "ORDER_SIGN", "CITE", "NUM_LENGTH", "NUM_PRECISION", "REF_VIEW_ID", "ARITH_ID", "ARITH_NAME", "ARITH_METHOD", "ARITH_TYPE", "MAP_COLUMN", "SEQ_VALUE", "EDITABLE", "SEQ_INTERVAL", "SELECTOR", "UNIT") VALUES ('#SEQ_CWM_TAB_COLUMNS-103#', 'REF_SYJFL', '试验件分类', '2', NULL, 'REF_SYJFL_#SEQ_CWM_TABLES-15#', '#SEQ_CWM_TABLES-15#', NULL, NULL, NULL, NULL, '新增,修改,详细,列表', NULL, NULL, NULL, NULL, NULL, NULL, NULL, 'String', NULL, NULL, NULL, 'True', NULL, NULL, NULL, NULL, '1', NULL, NULL, 'False', '0', '//@数据类/@children.12/@关系属性.0', NULL, NULL, NULL, NULL, NULL, NULL, NULL, NULL, NULL, NULL, NULL, NULL, NULL)
INSERT INTO "CWM_TAB_COLUMNS" ("ID", "S_NAME", "DISPLAY_NAME", "CATEGORY", "DESCRIPTION", "S_COLUMN_NAME", "TABLE_ID", "IS_WHO_SEARCH", "IS_FOR_SEARCH", "IS_INDEX", "OPERATE_SIGN", "PURPOSE", "CASESENSITIVE", "DEFAULT_VALUE", "IS_NULLABLE", "IS_ONLY", "IS_PK", "IS_AUTOINCREMENT", "RESTRICTION_ID", "TYPE", "SEQUENCE_NAME", "MAX_LENGTH", "MIN_LENGTH", "IS_SHOW", "IS_WRAP", "PROPERTY_PARAGRAPH", "PROPERTY_CATEGORY", "LINAGE", "IS_VALID", "IS_MUTI_UK", "IS_USED_PAIXU", "IS_NEED", "ORDER_SIGN", "CITE", "NUM_LENGTH", "NUM_PRECISION", "REF_VIEW_ID", "ARITH_ID", "ARITH_NAME", "ARITH_METHOD", "ARITH_TYPE", "MAP_COLUMN", "SEQ_VALUE", "EDITABLE", "SEQ_INTERVAL", "SELECTOR", "UNIT") VALUES ('#SEQ_CWM_TAB_COLUMNS-104#', 'C_PC', '批次', '1', NULL, 'C_PC_#SEQ_CWM_TABLES-15#', '#SEQ_CWM_TABLES-15#', 'False', 'False', 'False', 'like', '新增,修改,详细,列表', 'CaseInsensitive', NULL, 'False', 'False', NULL, 'False', NULL, 'String', NULL, '100', '0', 'True', 'False', NULL, NULL, '1', '1', NULL, NULL, NULL, '3', '//@数据类/@children.12/@普通属性.3', NULL, NULL, NULL, NULL, NULL, NULL, NULL, NULL, '1', '0', '1', NULL, NULL)
INSERT INTO "CWM_TAB_COLUMNS" ("ID", "S_NAME", "DISPLAY_NAME", "CATEGORY", "DESCRIPTION", "S_COLUMN_NAME", "TABLE_ID", "IS_WHO_SEARCH", "IS_FOR_SEARCH", "IS_INDEX", "OPERATE_SIGN", "PURPOSE", "CASESENSITIVE", "DEFAULT_VALUE", "IS_NULLABLE", "IS_ONLY", "IS_PK", "IS_AUTOINCREMENT", "RESTRICTION_ID", "TYPE", "SEQUENCE_NAME", "MAX_LENGTH", "MIN_LENGTH", "IS_SHOW", "IS_WRAP", "PROPERTY_PARAGRAPH", "PROPERTY_CATEGORY", "LINAGE", "IS_VALID", "IS_MUTI_UK", "IS_USED_PAIXU", "IS_NEED", "ORDER_SIGN", "CITE", "NUM_LENGTH", "NUM_PRECISION", "REF_VIEW_ID", "ARITH_ID", "ARITH_NAME", "ARITH_METHOD", "ARITH_TYPE", "MAP_COLUMN", "SEQ_VALUE", "EDITABLE", "SEQ_INTERVAL", "SELECTOR", "UNIT") VALUES ('#SEQ_CWM_TAB_COLUMNS-105#', 'C_CJR', '创建人', '1', NULL, 'C_CJR_#SEQ_CWM_TABLES-15#', '#SEQ_CWM_TABLES-15#', 'False', 'False', 'False', 'like', '新增,修改,详细,列表', 'CaseInsensitive', '$系统用户', 'False', 'False', NULL, 'False', NULL, 'String', NULL, '100', '0', 'True', 'False', NULL, NULL, '1', '1', NULL, NULL, NULL, '7', '//@数据类/@children.12/@普通属性.7', NULL, NULL, NULL, NULL, NULL, NULL, NULL, NULL, '1', '0', '1', '{"filterType":"1","filterValue":"","multiSelect":"false","selectorType":"1"}', NULL)
INSERT INTO "CWM_TAB_COLUMNS" ("ID", "S_NAME", "DISPLAY_NAME", "CATEGORY", "DESCRIPTION", "S_COLUMN_NAME", "TABLE_ID", "IS_WHO_SEARCH", "IS_FOR_SEARCH", "IS_INDEX", "OPERATE_SIGN", "PURPOSE", "CASESENSITIVE", "DEFAULT_VALUE", "IS_NULLABLE", "IS_ONLY", "IS_PK", "IS_AUTOINCREMENT", "RESTRICTION_ID", "TYPE", "SEQUENCE_NAME", "MAX_LENGTH", "MIN_LENGTH", "IS_SHOW", "IS_WRAP", "PROPERTY_PARAGRAPH", "PROPERTY_CATEGORY", "LINAGE", "IS_VALID", "IS_MUTI_UK", "IS_USED_PAIXU", "IS_NEED", "ORDER_SIGN", "CITE", "NUM_LENGTH", "NUM_PRECISION", "REF_VIEW_ID", "ARITH_ID", "ARITH_NAME", "ARITH_METHOD", "ARITH_TYPE", "MAP_COLUMN", "SEQ_VALUE", "EDITABLE", "SEQ_INTERVAL", "SELECTOR", "UNIT") VALUES ('#SEQ_CWM_TAB_COLUMNS-106#', 'C_SYJSX', '试验件属性', '1', NULL, 'C_SYJSX_#SEQ_CWM_TABLES-15#', '#SEQ_CWM_TABLES-15#', 'False', 'False', 'False', 'like', '新增,修改,详细,列表', 'CaseInsensitive', NULL, 'False', 'False', NULL, 'False', NULL, 'NameValue', NULL, '100', '0', 'True', 'False', NULL, NULL, '1', '1', NULL, NULL, NULL, '9', '//@数据类/@children.12/@普通属性.9', NULL, NULL, NULL, NULL, NULL, NULL, NULL, NULL, '1', '0', '1', NULL, NULL)
INSERT INTO "CWM_TAB_COLUMNS" ("ID", "S_NAME", "DISPLAY_NAME", "CATEGORY", "DESCRIPTION", "S_COLUMN_NAME", "TABLE_ID", "IS_WHO_SEARCH", "IS_FOR_SEARCH", "IS_INDEX", "OPERATE_SIGN", "PURPOSE", "CASESENSITIVE", "DEFAULT_VALUE", "IS_NULLABLE", "IS_ONLY", "IS_PK", "IS_AUTOINCREMENT", "RESTRICTION_ID", "TYPE", "SEQUENCE_NAME", "MAX_LENGTH", "MIN_LENGTH", "IS_SHOW", "IS_WRAP", "PROPERTY_PARAGRAPH", "PROPERTY_CATEGORY", "LINAGE", "IS_VALID", "IS_MUTI_UK", "IS_USED_PAIXU", "IS_NEED", "ORDER_SIGN", "CITE", "NUM_LENGTH", "NUM_PRECISION", "REF_VIEW_ID", "ARITH_ID", "ARITH_NAME", "ARITH_METHOD", "ARITH_TYPE", "MAP_COLUMN", "SEQ_VALUE", "EDITABLE", "SEQ_INTERVAL", "SELECTOR", "UNIT") VALUES ('#SEQ_CWM_TAB_COLUMNS-107#', 'C_CJSJ', '创建时间', '1', NULL, 'C_CJSJ_#SEQ_CWM_TABLES-15#', '#SEQ_CWM_TABLES-15#', 'False', 'False', 'False', 'like', '新增,修改,详细,列表', 'CaseInsensitive', '$系统日期', 'False', 'False', NULL, 'False', NULL, 'Date', NULL, '100', '0', 'True', 'False', NULL, NULL, '1', '1', NULL, NULL, NULL, '8', '//@数据类/@children.12/@普通属性.8', NULL, NULL, NULL, NULL, NULL, NULL, NULL, NULL, '1', '0', '1', NULL, NULL)
INSERT INTO "CWM_TAB_COLUMNS" ("ID", "S_NAME", "DISPLAY_NAME", "CATEGORY", "DESCRIPTION", "S_COLUMN_NAME", "TABLE_ID", "IS_WHO_SEARCH", "IS_FOR_SEARCH", "IS_INDEX", "OPERATE_SIGN", "PURPOSE", "CASESENSITIVE", "DEFAULT_VALUE", "IS_NULLABLE", "IS_ONLY", "IS_PK", "IS_AUTOINCREMENT", "RESTRICTION_ID", "TYPE", "SEQUENCE_NAME", "MAX_LENGTH", "MIN_LENGTH", "IS_SHOW", "IS_WRAP", "PROPERTY_PARAGRAPH", "PROPERTY_CATEGORY", "LINAGE", "IS_VALID", "IS_MUTI_UK", "IS_USED_PAIXU", "IS_NEED", "ORDER_SIGN", "CITE", "NUM_LENGTH", "NUM_PRECISION", "REF_VIEW_ID", "ARITH_ID", "ARITH_NAME", "ARITH_METHOD", "ARITH_TYPE", "MAP_COLUMN", "SEQ_VALUE", "EDITABLE", "SEQ_INTERVAL", "SELECTOR", "UNIT") VALUES ('#SEQ_CWM_TAB_COLUMNS-108#', 'C_TH', '图号', '1', NULL, 'C_TH_#SEQ_CWM_TABLES-15#', '#SEQ_CWM_TABLES-15#', 'False', 'False', 'False', 'like', '新增,修改,详细,列表', 'CaseInsensitive', NULL, 'False', 'False', NULL, 'False', NULL, 'String', NULL, '100', '0', 'True', 'False', NULL, NULL, '1', '1', NULL, NULL, NULL, '2', '//@数据类/@children.12/@普通属性.2', NULL, NULL, NULL, NULL, NULL, NULL, NULL, NULL, '1', '0', '1', NULL, NULL)
INSERT INTO "CWM_TAB_COLUMNS" ("ID", "S_NAME", "DISPLAY_NAME", "CATEGORY", "DESCRIPTION", "S_COLUMN_NAME", "TABLE_ID", "IS_WHO_SEARCH", "IS_FOR_SEARCH", "IS_INDEX", "OPERATE_SIGN", "PURPOSE", "CASESENSITIVE", "DEFAULT_VALUE", "IS_NULLABLE", "IS_ONLY", "IS_PK", "IS_AUTOINCREMENT", "RESTRICTION_ID", "TYPE", "SEQUENCE_NAME", "MAX_LENGTH", "MIN_LENGTH", "IS_SHOW", "IS_WRAP", "PROPERTY_PARAGRAPH", "PROPERTY_CATEGORY", "LINAGE", "IS_VALID", "IS_MUTI_UK", "IS_USED_PAIXU", "IS_NEED", "ORDER_SIGN", "CITE", "NUM_LENGTH", "NUM_PRECISION", "REF_VIEW_ID", "ARITH_ID", "ARITH_NAME", "ARITH_METHOD", "ARITH_TYPE", "MAP_COLUMN", "SEQ_VALUE", "EDITABLE", "SEQ_INTERVAL", "SELECTOR", "UNIT") VALUES ('#SEQ_CWM_TAB_COLUMNS-109#', 'C_BH', '编号', '1', NULL, 'C_BH_#SEQ_CWM_TABLES-15#', '#SEQ_CWM_TABLES-15#', 'False', 'False', 'False', 'like', '新增,修改,详细,列表', 'CaseInsensitive', NULL, 'False', 'False', NULL, 'False', NULL, 'String', NULL, '100', '0', 'True', 'False', NULL, NULL, '1', '1', NULL, NULL, NULL, '0', '//@数据类/@children.12/@普通属性.0', NULL, NULL, NULL, NULL, NULL, NULL, NULL, NULL, '1', '0', '1', NULL, NULL)
INSERT INTO "CWM_TAB_COLUMNS" ("ID", "S_NAME", "DISPLAY_NAME", "CATEGORY", "DESCRIPTION", "S_COLUMN_NAME", "TABLE_ID", "IS_WHO_SEARCH", "IS_FOR_SEARCH", "IS_INDEX", "OPERATE_SIGN", "PURPOSE", "CASESENSITIVE", "DEFAULT_VALUE", "IS_NULLABLE", "IS_ONLY", "IS_PK", "IS_AUTOINCREMENT", "RESTRICTION_ID", "TYPE", "SEQUENCE_NAME", "MAX_LENGTH", "MIN_LENGTH", "IS_SHOW", "IS_WRAP", "PROPERTY_PARAGRAPH", "PROPERTY_CATEGORY", "LINAGE", "IS_VALID", "IS_MUTI_UK", "IS_USED_PAIXU", "IS_NEED", "ORDER_SIGN", "CITE", "NUM_LENGTH", "NUM_PRECISION", "REF_VIEW_ID", "ARITH_ID", "ARITH_NAME", "ARITH_METHOD", "ARITH_TYPE", "MAP_COLUMN", "SEQ_VALUE", "EDITABLE", "SEQ_INTERVAL", "SELECTOR", "UNIT") VALUES ('#SEQ_CWM_TAB_COLUMNS-110#', 'C_FLMC', '分类名称', '1', NULL, 'C_FLMC_#SEQ_CWM_TABLES-16#', '#SEQ_CWM_TABLES-16#', 'False', 'False', 'False', 'like', '新增,修改,详细,列表', 'CaseInsensitive', NULL, 'False', 'False', NULL, 'False', NULL, 'String', NULL, '100', '0', 'True', 'False', NULL, NULL, '1', '1', NULL, NULL, NULL, '0', '//@数据类/@children.13/@普通属性.0', NULL, NULL, NULL, NULL, NULL, NULL, NULL, NULL, '1', '0', '1', NULL, NULL)
INSERT INTO "CWM_TAB_COLUMNS" ("ID", "S_NAME", "DISPLAY_NAME", "CATEGORY", "DESCRIPTION", "S_COLUMN_NAME", "TABLE_ID", "IS_WHO_SEARCH", "IS_FOR_SEARCH", "IS_INDEX", "OPERATE_SIGN", "PURPOSE", "CASESENSITIVE", "DEFAULT_VALUE", "IS_NULLABLE", "IS_ONLY", "IS_PK", "IS_AUTOINCREMENT", "RESTRICTION_ID", "TYPE", "SEQUENCE_NAME", "MAX_LENGTH", "MIN_LENGTH", "IS_SHOW", "IS_WRAP", "PROPERTY_PARAGRAPH", "PROPERTY_CATEGORY", "LINAGE", "IS_VALID", "IS_MUTI_UK", "IS_USED_PAIXU", "IS_NEED", "ORDER_SIGN", "CITE", "NUM_LENGTH", "NUM_PRECISION", "REF_VIEW_ID", "ARITH_ID", "ARITH_NAME", "ARITH_METHOD", "ARITH_TYPE", "MAP_COLUMN", "SEQ_VALUE", "EDITABLE", "SEQ_INTERVAL", "SELECTOR", "UNIT") VALUES ('#SEQ_CWM_TAB_COLUMNS-111#', 'SUB_YPFL', '子样品分类', '2', NULL, 'SUB_YPFL_#SEQ_CWM_TABLES-16#', '#SEQ_CWM_TABLES-16#', NULL, NULL, NULL, NULL, '新增,修改,详细,列表', NULL, NULL, NULL, NULL, NULL, NULL, NULL, 'String', NULL, NULL, NULL, 'True', NULL, NULL, NULL, NULL, '1', NULL, NULL, 'False', '1', '//@数据类/@children.13/@关系属性.1', NULL, NULL, NULL, NULL, NULL, NULL, NULL, NULL, NULL, NULL, NULL, NULL, NULL)
INSERT INTO "CWM_TAB_COLUMNS" ("ID", "S_NAME", "DISPLAY_NAME", "CATEGORY", "DESCRIPTION", "S_COLUMN_NAME", "TABLE_ID", "IS_WHO_SEARCH", "IS_FOR_SEARCH", "IS_INDEX", "OPERATE_SIGN", "PURPOSE", "CASESENSITIVE", "DEFAULT_VALUE", "IS_NULLABLE", "IS_ONLY", "IS_PK", "IS_AUTOINCREMENT", "RESTRICTION_ID", "TYPE", "SEQUENCE_NAME", "MAX_LENGTH", "MIN_LENGTH", "IS_SHOW", "IS_WRAP", "PROPERTY_PARAGRAPH", "PROPERTY_CATEGORY", "LINAGE", "IS_VALID", "IS_MUTI_UK", "IS_USED_PAIXU", "IS_NEED", "ORDER_SIGN", "CITE", "NUM_LENGTH", "NUM_PRECISION", "REF_VIEW_ID", "ARITH_ID", "ARITH_NAME", "ARITH_METHOD", "ARITH_TYPE", "MAP_COLUMN", "SEQ_VALUE", "EDITABLE", "SEQ_INTERVAL", "SELECTOR", "UNIT") VALUES ('#SEQ_CWM_TAB_COLUMNS-112#', 'REF_SYYP', '所属试验样品', '2', NULL, 'REF_SYYP_#SEQ_CWM_TABLES-16#', '#SEQ_CWM_TABLES-16#', NULL, NULL, NULL, NULL, '新增,修改,详细,列表', NULL, NULL, NULL, NULL, NULL, NULL, NULL, 'String', NULL, NULL, NULL, 'True', NULL, NULL, NULL, NULL, '1', NULL, NULL, 'False', '2', '//@数据类/@children.13/@关系属性.2', NULL, NULL, NULL, NULL, NULL, NULL, NULL, NULL, NULL, NULL, NULL, NULL, NULL)
INSERT INTO "CWM_TAB_COLUMNS" ("ID", "S_NAME", "DISPLAY_NAME", "CATEGORY", "DESCRIPTION", "S_COLUMN_NAME", "TABLE_ID", "IS_WHO_SEARCH", "IS_FOR_SEARCH", "IS_INDEX", "OPERATE_SIGN", "PURPOSE", "CASESENSITIVE", "DEFAULT_VALUE", "IS_NULLABLE", "IS_ONLY", "IS_PK", "IS_AUTOINCREMENT", "RESTRICTION_ID", "TYPE", "SEQUENCE_NAME", "MAX_LENGTH", "MIN_LENGTH", "IS_SHOW", "IS_WRAP", "PROPERTY_PARAGRAPH", "PROPERTY_CATEGORY", "LINAGE", "IS_VALID", "IS_MUTI_UK", "IS_USED_PAIXU", "IS_NEED", "ORDER_SIGN", "CITE", "NUM_LENGTH", "NUM_PRECISION", "REF_VIEW_ID", "ARITH_ID", "ARITH_NAME", "ARITH_METHOD", "ARITH_TYPE", "MAP_COLUMN", "SEQ_VALUE", "EDITABLE", "SEQ_INTERVAL", "SELECTOR", "UNIT") VALUES ('#SEQ_CWM_TAB_COLUMNS-113#', 'C_MS', '描述', '1', NULL, 'C_MS_#SEQ_CWM_TABLES-16#', '#SEQ_CWM_TABLES-16#', 'False', 'False', 'False', 'like', '新增,修改,详细,列表', 'CaseInsensitive', NULL, 'False', 'False', NULL, 'False', NULL, 'String', NULL, '100', '0', 'True', 'False', NULL, NULL, '1', '1', NULL, NULL, NULL, '1', '//@数据类/@children.13/@普通属性.1', NULL, NULL, NULL, NULL, NULL, NULL, NULL, NULL, '1', '0', '1', NULL, NULL)
INSERT INTO "CWM_TAB_COLUMNS" ("ID", "S_NAME", "DISPLAY_NAME", "CATEGORY", "DESCRIPTION", "S_COLUMN_NAME", "TABLE_ID", "IS_WHO_SEARCH", "IS_FOR_SEARCH", "IS_INDEX", "OPERATE_SIGN", "PURPOSE", "CASESENSITIVE", "DEFAULT_VALUE", "IS_NULLABLE", "IS_ONLY", "IS_PK", "IS_AUTOINCREMENT", "RESTRICTION_ID", "TYPE", "SEQUENCE_NAME", "MAX_LENGTH", "MIN_LENGTH", "IS_SHOW", "IS_WRAP", "PROPERTY_PARAGRAPH", "PROPERTY_CATEGORY", "LINAGE", "IS_VALID", "IS_MUTI_UK", "IS_USED_PAIXU", "IS_NEED", "ORDER_SIGN", "CITE", "NUM_LENGTH", "NUM_PRECISION", "REF_VIEW_ID", "ARITH_ID", "ARITH_NAME", "ARITH_METHOD", "ARITH_TYPE", "MAP_COLUMN", "SEQ_VALUE", "EDITABLE", "SEQ_INTERVAL", "SELECTOR", "UNIT") VALUES ('#SEQ_CWM_TAB_COLUMNS-114#', 'REF_YPFL', '所属分类', '2', NULL, 'REF_YPFL_#SEQ_CWM_TABLES-16#', '#SEQ_CWM_TABLES-16#', NULL, NULL, NULL, NULL, '新增,修改,详细,列表', NULL, NULL, NULL, NULL, NULL, NULL, NULL, 'String', NULL, NULL, NULL, 'True', NULL, NULL, NULL, NULL, '1', NULL, NULL, 'False', '0', '//@数据类/@children.13/@关系属性.0', NULL, NULL, NULL, NULL, NULL, NULL, NULL, NULL, NULL, NULL, NULL, NULL, NULL)
INSERT INTO "CWM_TAB_COLUMNS" ("ID", "S_NAME", "DISPLAY_NAME", "CATEGORY", "DESCRIPTION", "S_COLUMN_NAME", "TABLE_ID", "IS_WHO_SEARCH", "IS_FOR_SEARCH", "IS_INDEX", "OPERATE_SIGN", "PURPOSE", "CASESENSITIVE", "DEFAULT_VALUE", "IS_NULLABLE", "IS_ONLY", "IS_PK", "IS_AUTOINCREMENT", "RESTRICTION_ID", "TYPE", "SEQUENCE_NAME", "MAX_LENGTH", "MIN_LENGTH", "IS_SHOW", "IS_WRAP", "PROPERTY_PARAGRAPH", "PROPERTY_CATEGORY", "LINAGE", "IS_VALID", "IS_MUTI_UK", "IS_USED_PAIXU", "IS_NEED", "ORDER_SIGN", "CITE", "NUM_LENGTH", "NUM_PRECISION", "REF_VIEW_ID", "ARITH_ID", "ARITH_NAME", "ARITH_METHOD", "ARITH_TYPE", "MAP_COLUMN", "SEQ_VALUE", "EDITABLE", "SEQ_INTERVAL", "SELECTOR", "UNIT") VALUES ('#SEQ_CWM_TAB_COLUMNS-115#', 'REF_YPFL', '样品分类', '2', NULL, 'REF_YPFL_#SEQ_CWM_TABLES-17#', '#SEQ_CWM_TABLES-17#', NULL, NULL, NULL, NULL, '新增,修改,详细,列表', NULL, NULL, NULL, NULL, NULL, NULL, NULL, 'String', NULL, NULL, NULL, 'True', NULL, NULL, NULL, NULL, '1', NULL, NULL, 'False', '0', '//@数据类/@children.14/@关系属性.0', NULL, NULL, NULL, NULL, NULL, NULL, NULL, NULL, NULL, NULL, NULL, NULL, NULL)
INSERT INTO "CWM_TAB_COLUMNS" ("ID", "S_NAME", "DISPLAY_NAME", "CATEGORY", "DESCRIPTION", "S_COLUMN_NAME", "TABLE_ID", "IS_WHO_SEARCH", "IS_FOR_SEARCH", "IS_INDEX", "OPERATE_SIGN", "PURPOSE", "CASESENSITIVE", "DEFAULT_VALUE", "IS_NULLABLE", "IS_ONLY", "IS_PK", "IS_AUTOINCREMENT", "RESTRICTION_ID", "TYPE", "SEQUENCE_NAME", "MAX_LENGTH", "MIN_LENGTH", "IS_SHOW", "IS_WRAP", "PROPERTY_PARAGRAPH", "PROPERTY_CATEGORY", "LINAGE", "IS_VALID", "IS_MUTI_UK", "IS_USED_PAIXU", "IS_NEED", "ORDER_SIGN", "CITE", "NUM_LENGTH", "NUM_PRECISION", "REF_VIEW_ID", "ARITH_ID", "ARITH_NAME", "ARITH_METHOD", "ARITH_TYPE", "MAP_COLUMN", "SEQ_VALUE", "EDITABLE", "SEQ_INTERVAL", "SELECTOR", "UNIT") VALUES ('#SEQ_CWM_TAB_COLUMNS-116#', 'C_WHR', '维护人', '1', NULL, 'C_WHR_#SEQ_CWM_TABLES-17#', '#SEQ_CWM_TABLES-17#', 'False', 'False', 'False', 'like', '新增,修改,详细,列表', 'CaseInsensitive', NULL, 'False', 'False', NULL, 'False', NULL, 'String', NULL, '100', '0', 'True', 'False', NULL, NULL, '1', '1', NULL, NULL, NULL, '6', '//@数据类/@children.14/@普通属性.6', NULL, NULL, NULL, NULL, NULL, NULL, NULL, NULL, '1', '0', '1', '{"filterType":"1","filterValue":"","multiSelect":"false","selectorType":"1"}', NULL)
INSERT INTO "CWM_TAB_COLUMNS" ("ID", "S_NAME", "DISPLAY_NAME", "CATEGORY", "DESCRIPTION", "S_COLUMN_NAME", "TABLE_ID", "IS_WHO_SEARCH", "IS_FOR_SEARCH", "IS_INDEX", "OPERATE_SIGN", "PURPOSE", "CASESENSITIVE", "DEFAULT_VALUE", "IS_NULLABLE", "IS_ONLY", "IS_PK", "IS_AUTOINCREMENT", "RESTRICTION_ID", "TYPE", "SEQUENCE_NAME", "MAX_LENGTH", "MIN_LENGTH", "IS_SHOW", "IS_WRAP", "PROPERTY_PARAGRAPH", "PROPERTY_CATEGORY", "LINAGE", "IS_VALID", "IS_MUTI_UK", "IS_USED_PAIXU", "IS_NEED", "ORDER_SIGN", "CITE", "NUM_LENGTH", "NUM_PRECISION", "REF_VIEW_ID", "ARITH_ID", "ARITH_NAME", "ARITH_METHOD", "ARITH_TYPE", "MAP_COLUMN", "SEQ_VALUE", "EDITABLE", "SEQ_INTERVAL", "SELECTOR", "UNIT") VALUES ('#SEQ_CWM_TAB_COLUMNS-117#', 'C_YPSX', '样品属性', '1', NULL, 'C_YPSX_#SEQ_CWM_TABLES-17#', '#SEQ_CWM_TABLES-17#', 'False', 'False', 'False', 'like', '新增,修改,详细,列表', 'CaseInsensitive', NULL, 'False', 'False', NULL, 'False', NULL, 'NameValue', NULL, '100', '0', 'True', 'False', NULL, NULL, '1', '1', NULL, NULL, NULL, '8', '//@数据类/@children.14/@普通属性.8', NULL, NULL, NULL, NULL, NULL, NULL, NULL, NULL, '1', '0', '1', NULL, NULL)
INSERT INTO "CWM_TAB_COLUMNS" ("ID", "S_NAME", "DISPLAY_NAME", "CATEGORY", "DESCRIPTION", "S_COLUMN_NAME", "TABLE_ID", "IS_WHO_SEARCH", "IS_FOR_SEARCH", "IS_INDEX", "OPERATE_SIGN", "PURPOSE", "CASESENSITIVE", "DEFAULT_VALUE", "IS_NULLABLE", "IS_ONLY", "IS_PK", "IS_AUTOINCREMENT", "RESTRICTION_ID", "TYPE", "SEQUENCE_NAME", "MAX_LENGTH", "MIN_LENGTH", "IS_SHOW", "IS_WRAP", "PROPERTY_PARAGRAPH", "PROPERTY_CATEGORY", "LINAGE", "IS_VALID", "IS_MUTI_UK", "IS_USED_PAIXU", "IS_NEED", "ORDER_SIGN", "CITE", "NUM_LENGTH", "NUM_PRECISION", "REF_VIEW_ID", "ARITH_ID", "ARITH_NAME", "ARITH_METHOD", "ARITH_TYPE", "MAP_COLUMN", "SEQ_VALUE", "EDITABLE", "SEQ_INTERVAL", "SELECTOR", "UNIT") VALUES ('#SEQ_CWM_TAB_COLUMNS-118#', 'C_KC', '库存', '1', NULL, 'C_KC_#SEQ_CWM_TABLES-17#', '#SEQ_CWM_TABLES-17#', 'False', 'False', 'False', 'like', '新增,修改,详细,列表', 'CaseInsensitive', NULL, 'False', 'False', NULL, 'False', NULL, 'String', NULL, '100', '0', 'True', 'False', NULL, NULL, '1', '1', NULL, NULL, NULL, '4', '//@数据类/@children.14/@普通属性.4', NULL, NULL, NULL, NULL, NULL, NULL, NULL, NULL, '1', '0', '1', NULL, NULL)
INSERT INTO "CWM_TAB_COLUMNS" ("ID", "S_NAME", "DISPLAY_NAME", "CATEGORY", "DESCRIPTION", "S_COLUMN_NAME", "TABLE_ID", "IS_WHO_SEARCH", "IS_FOR_SEARCH", "IS_INDEX", "OPERATE_SIGN", "PURPOSE", "CASESENSITIVE", "DEFAULT_VALUE", "IS_NULLABLE", "IS_ONLY", "IS_PK", "IS_AUTOINCREMENT", "RESTRICTION_ID", "TYPE", "SEQUENCE_NAME", "MAX_LENGTH", "MIN_LENGTH", "IS_SHOW", "IS_WRAP", "PROPERTY_PARAGRAPH", "PROPERTY_CATEGORY", "LINAGE", "IS_VALID", "IS_MUTI_UK", "IS_USED_PAIXU", "IS_NEED", "ORDER_SIGN", "CITE", "NUM_LENGTH", "NUM_PRECISION", "REF_VIEW_ID", "ARITH_ID", "ARITH_NAME", "ARITH_METHOD", "ARITH_TYPE", "MAP_COLUMN", "SEQ_VALUE", "EDITABLE", "SEQ_INTERVAL", "SELECTOR", "UNIT") VALUES ('#SEQ_CWM_TAB_COLUMNS-119#', 'C_PC', '批次', '1', NULL, 'C_PC_#SEQ_CWM_TABLES-17#', '#SEQ_CWM_TABLES-17#', 'False', 'False', 'False', 'like', '新增,修改,详细,列表', 'CaseInsensitive', NULL, 'False', 'False', NULL, 'False', NULL, 'String', NULL, '100', '0', 'True', 'False', NULL, NULL, '1', '1', NULL, NULL, NULL, '2', '//@数据类/@children.14/@普通属性.2', NULL, NULL, NULL, NULL, NULL, NULL, NULL, NULL, '1', '0', '1', NULL, NULL)
INSERT INTO "CWM_TAB_COLUMNS" ("ID", "S_NAME", "DISPLAY_NAME", "CATEGORY", "DESCRIPTION", "S_COLUMN_NAME", "TABLE_ID", "IS_WHO_SEARCH", "IS_FOR_SEARCH", "IS_INDEX", "OPERATE_SIGN", "PURPOSE", "CASESENSITIVE", "DEFAULT_VALUE", "IS_NULLABLE", "IS_ONLY", "IS_PK", "IS_AUTOINCREMENT", "RESTRICTION_ID", "TYPE", "SEQUENCE_NAME", "MAX_LENGTH", "MIN_LENGTH", "IS_SHOW", "IS_WRAP", "PROPERTY_PARAGRAPH", "PROPERTY_CATEGORY", "LINAGE", "IS_VALID", "IS_MUTI_UK", "IS_USED_PAIXU", "IS_NEED", "ORDER_SIGN", "CITE", "NUM_LENGTH", "NUM_PRECISION", "REF_VIEW_ID", "ARITH_ID", "ARITH_NAME", "ARITH_METHOD", "ARITH_TYPE", "MAP_COLUMN", "SEQ_VALUE", "EDITABLE", "SEQ_INTERVAL", "SELECTOR", "UNIT") VALUES ('#SEQ_CWM_TAB_COLUMNS-120#', 'C_MC', '名称', '1', NULL, 'C_MC_#SEQ_CWM_TABLES-17#', '#SEQ_CWM_TABLES-17#', 'False', 'False', 'False', 'like', '新增,修改,详细,列表', 'CaseInsensitive', NULL, 'False', 'False', NULL, 'False', NULL, 'String', NULL, '100', '0', 'True', 'False', NULL, NULL, '1', '1', NULL, NULL, NULL, '0', '//@数据类/@children.14/@普通属性.0', NULL, NULL, NULL, NULL, NULL, NULL, NULL, NULL, '1', '0', '1', NULL, NULL)
INSERT INTO "CWM_TAB_COLUMNS" ("ID", "S_NAME", "DISPLAY_NAME", "CATEGORY", "DESCRIPTION", "S_COLUMN_NAME", "TABLE_ID", "IS_WHO_SEARCH", "IS_FOR_SEARCH", "IS_INDEX", "OPERATE_SIGN", "PURPOSE", "CASESENSITIVE", "DEFAULT_VALUE", "IS_NULLABLE", "IS_ONLY", "IS_PK", "IS_AUTOINCREMENT", "RESTRICTION_ID", "TYPE", "SEQUENCE_NAME", "MAX_LENGTH", "MIN_LENGTH", "IS_SHOW", "IS_WRAP", "PROPERTY_PARAGRAPH", "PROPERTY_CATEGORY", "LINAGE", "IS_VALID", "IS_MUTI_UK", "IS_USED_PAIXU", "IS_NEED", "ORDER_SIGN", "CITE", "NUM_LENGTH", "NUM_PRECISION", "REF_VIEW_ID", "ARITH_ID", "ARITH_NAME", "ARITH_METHOD", "ARITH_TYPE", "MAP_COLUMN", "SEQ_VALUE", "EDITABLE", "SEQ_INTERVAL", "SELECTOR", "UNIT") VALUES ('#SEQ_CWM_TAB_COLUMNS-121#', 'C_CFDD', '存放地点', '1', NULL, 'C_CFDD_#SEQ_CWM_TABLES-17#', '#SEQ_CWM_TABLES-17#', 'False', 'False', 'False', 'like', '新增,修改,详细,列表', 'CaseInsensitive', NULL, 'False', 'False', NULL, 'False', NULL, 'String', NULL, '100', '0', 'True', 'False', NULL, NULL, '1', '1', NULL, NULL, NULL, '5', '//@数据类/@children.14/@普通属性.5', NULL, NULL, NULL, NULL, NULL, NULL, NULL, NULL, '1', '0', '1', NULL, NULL)
INSERT INTO "CWM_TAB_COLUMNS" ("ID", "S_NAME", "DISPLAY_NAME", "CATEGORY", "DESCRIPTION", "S_COLUMN_NAME", "TABLE_ID", "IS_WHO_SEARCH", "IS_FOR_SEARCH", "IS_INDEX", "OPERATE_SIGN", "PURPOSE", "CASESENSITIVE", "DEFAULT_VALUE", "IS_NULLABLE", "IS_ONLY", "IS_PK", "IS_AUTOINCREMENT", "RESTRICTION_ID", "TYPE", "SEQUENCE_NAME", "MAX_LENGTH", "MIN_LENGTH", "IS_SHOW", "IS_WRAP", "PROPERTY_PARAGRAPH", "PROPERTY_CATEGORY", "LINAGE", "IS_VALID", "IS_MUTI_UK", "IS_USED_PAIXU", "IS_NEED", "ORDER_SIGN", "CITE", "NUM_LENGTH", "NUM_PRECISION", "REF_VIEW_ID", "ARITH_ID", "ARITH_NAME", "ARITH_METHOD", "ARITH_TYPE", "MAP_COLUMN", "SEQ_VALUE", "EDITABLE", "SEQ_INTERVAL", "SELECTOR", "UNIT") VALUES ('#SEQ_CWM_TAB_COLUMNS-122#', 'C_JLDW', '计量单位', '1', NULL, 'C_JLDW_#SEQ_CWM_TABLES-17#', '#SEQ_CWM_TABLES-17#', 'False', 'False', 'False', 'like', '新增,修改,详细,列表', 'CaseInsensitive', NULL, 'False', 'False', NULL, 'False', NULL, 'String', NULL, '100', '0', 'True', 'False', NULL, NULL, '1', '1', NULL, NULL, NULL, '3', '//@数据类/@children.14/@普通属性.3', NULL, NULL, NULL, NULL, NULL, NULL, NULL, NULL, '1', '0', '1', NULL, NULL)
INSERT INTO "CWM_TAB_COLUMNS" ("ID", "S_NAME", "DISPLAY_NAME", "CATEGORY", "DESCRIPTION", "S_COLUMN_NAME", "TABLE_ID", "IS_WHO_SEARCH", "IS_FOR_SEARCH", "IS_INDEX", "OPERATE_SIGN", "PURPOSE", "CASESENSITIVE", "DEFAULT_VALUE", "IS_NULLABLE", "IS_ONLY", "IS_PK", "IS_AUTOINCREMENT", "RESTRICTION_ID", "TYPE", "SEQUENCE_NAME", "MAX_LENGTH", "MIN_LENGTH", "IS_SHOW", "IS_WRAP", "PROPERTY_PARAGRAPH", "PROPERTY_CATEGORY", "LINAGE", "IS_VALID", "IS_MUTI_UK", "IS_USED_PAIXU", "IS_NEED", "ORDER_SIGN", "CITE", "NUM_LENGTH", "NUM_PRECISION", "REF_VIEW_ID", "ARITH_ID", "ARITH_NAME", "ARITH_METHOD", "ARITH_TYPE", "MAP_COLUMN", "SEQ_VALUE", "EDITABLE", "SEQ_INTERVAL", "SELECTOR", "UNIT") VALUES ('#SEQ_CWM_TAB_COLUMNS-123#', 'C_BH', '编号', '1', NULL, 'C_BH_#SEQ_CWM_TABLES-17#', '#SEQ_CWM_TABLES-17#', 'False', 'False', 'False', 'like', '新增,修改,详细,列表', 'CaseInsensitive', NULL, 'False', 'False', NULL, 'False', NULL, 'String', NULL, '100', '0', 'True', 'False', NULL, NULL, '1', '1', NULL, NULL, NULL, '1', '//@数据类/@children.14/@普通属性.1', NULL, NULL, NULL, NULL, NULL, NULL, NULL, NULL, '1', '0', '1', NULL, NULL)
INSERT INTO "CWM_TAB_COLUMNS" ("ID", "S_NAME", "DISPLAY_NAME", "CATEGORY", "DESCRIPTION", "S_COLUMN_NAME", "TABLE_ID", "IS_WHO_SEARCH", "IS_FOR_SEARCH", "IS_INDEX", "OPERATE_SIGN", "PURPOSE", "CASESENSITIVE", "DEFAULT_VALUE", "IS_NULLABLE", "IS_ONLY", "IS_PK", "IS_AUTOINCREMENT", "RESTRICTION_ID", "TYPE", "SEQUENCE_NAME", "MAX_LENGTH", "MIN_LENGTH", "IS_SHOW", "IS_WRAP", "PROPERTY_PARAGRAPH", "PROPERTY_CATEGORY", "LINAGE", "IS_VALID", "IS_MUTI_UK", "IS_USED_PAIXU", "IS_NEED", "ORDER_SIGN", "CITE", "NUM_LENGTH", "NUM_PRECISION", "REF_VIEW_ID", "ARITH_ID", "ARITH_NAME", "ARITH_METHOD", "ARITH_TYPE", "MAP_COLUMN", "SEQ_VALUE", "EDITABLE", "SEQ_INTERVAL", "SELECTOR", "UNIT") VALUES ('#SEQ_CWM_TAB_COLUMNS-124#', 'C_WHRQ', '维护日期', '1', NULL, 'C_WHRQ_#SEQ_CWM_TABLES-17#', '#SEQ_CWM_TABLES-17#', 'False', 'False', 'False', 'like', '新增,修改,详细,列表', 'CaseInsensitive', NULL, 'False', 'False', NULL, 'False', NULL, 'Date', NULL, '100', '0', 'True', 'False', NULL, NULL, '1', '1', NULL, NULL, NULL, '7', '//@数据类/@children.14/@普通属性.7', NULL, NULL, NULL, NULL, NULL, NULL, NULL, NULL, '1', '0', '1', NULL, NULL)
INSERT INTO "CWM_TAB_COLUMNS" ("ID", "S_NAME", "DISPLAY_NAME", "CATEGORY", "DESCRIPTION", "S_COLUMN_NAME", "TABLE_ID", "IS_WHO_SEARCH", "IS_FOR_SEARCH", "IS_INDEX", "OPERATE_SIGN", "PURPOSE", "CASESENSITIVE", "DEFAULT_VALUE", "IS_NULLABLE", "IS_ONLY", "IS_PK", "IS_AUTOINCREMENT", "RESTRICTION_ID", "TYPE", "SEQUENCE_NAME", "MAX_LENGTH", "MIN_LENGTH", "IS_SHOW", "IS_WRAP", "PROPERTY_PARAGRAPH", "PROPERTY_CATEGORY", "LINAGE", "IS_VALID", "IS_MUTI_UK", "IS_USED_PAIXU", "IS_NEED", "ORDER_SIGN", "CITE", "NUM_LENGTH", "NUM_PRECISION", "REF_VIEW_ID", "ARITH_ID", "ARITH_NAME", "ARITH_METHOD", "ARITH_TYPE", "MAP_COLUMN", "SEQ_VALUE", "EDITABLE", "SEQ_INTERVAL", "SELECTOR", "UNIT") VALUES ('#SEQ_CWM_TAB_COLUMNS-125#', 'C_MS', '描述', '1', NULL, 'C_MS_#SEQ_CWM_TABLES-18#', '#SEQ_CWM_TABLES-18#', 'False', 'False', 'False', 'like', '新增,修改,详细,列表', 'CaseInsensitive', NULL, 'False', 'False', NULL, 'False', NULL, 'String', NULL, '100', '0', 'True', 'False', NULL, NULL, '1', '1', NULL, NULL, NULL, '1', '//@数据类/@children.15/@普通属性.1', NULL, NULL, NULL, NULL, NULL, NULL, NULL, NULL, '1', '0', '1', NULL, NULL)
INSERT INTO "CWM_TAB_COLUMNS" ("ID", "S_NAME", "DISPLAY_NAME", "CATEGORY", "DESCRIPTION", "S_COLUMN_NAME", "TABLE_ID", "IS_WHO_SEARCH", "IS_FOR_SEARCH", "IS_INDEX", "OPERATE_SIGN", "PURPOSE", "CASESENSITIVE", "DEFAULT_VALUE", "IS_NULLABLE", "IS_ONLY", "IS_PK", "IS_AUTOINCREMENT", "RESTRICTION_ID", "TYPE", "SEQUENCE_NAME", "MAX_LENGTH", "MIN_LENGTH", "IS_SHOW", "IS_WRAP", "PROPERTY_PARAGRAPH", "PROPERTY_CATEGORY", "LINAGE", "IS_VALID", "IS_MUTI_UK", "IS_USED_PAIXU", "IS_NEED", "ORDER_SIGN", "CITE", "NUM_LENGTH", "NUM_PRECISION", "REF_VIEW_ID", "ARITH_ID", "ARITH_NAME", "ARITH_METHOD", "ARITH_TYPE", "MAP_COLUMN", "SEQ_VALUE", "EDITABLE", "SEQ_INTERVAL", "SELECTOR", "UNIT") VALUES ('#SEQ_CWM_TAB_COLUMNS-126#', 'SUB_HJFL', '子环境分类', '2', NULL, 'SUB_HJFL_#SEQ_CWM_TABLES-18#', '#SEQ_CWM_TABLES-18#', NULL, NULL, NULL, NULL, '新增,修改,详细,列表', NULL, NULL, NULL, NULL, NULL, NULL, NULL, 'String', NULL, NULL, NULL, 'True', NULL, NULL, NULL, NULL, '1', NULL, NULL, 'False', '1', '//@数据类/@children.15/@关系属性.1', NULL, NULL, NULL, NULL, NULL, NULL, NULL, NULL, NULL, NULL, NULL, NULL, NULL)
INSERT INTO "CWM_TAB_COLUMNS" ("ID", "S_NAME", "DISPLAY_NAME", "CATEGORY", "DESCRIPTION", "S_COLUMN_NAME", "TABLE_ID", "IS_WHO_SEARCH", "IS_FOR_SEARCH", "IS_INDEX", "OPERATE_SIGN", "PURPOSE", "CASESENSITIVE", "DEFAULT_VALUE", "IS_NULLABLE", "IS_ONLY", "IS_PK", "IS_AUTOINCREMENT", "RESTRICTION_ID", "TYPE", "SEQUENCE_NAME", "MAX_LENGTH", "MIN_LENGTH", "IS_SHOW", "IS_WRAP", "PROPERTY_PARAGRAPH", "PROPERTY_CATEGORY", "LINAGE", "IS_VALID", "IS_MUTI_UK", "IS_USED_PAIXU", "IS_NEED", "ORDER_SIGN", "CITE", "NUM_LENGTH", "NUM_PRECISION", "REF_VIEW_ID", "ARITH_ID", "ARITH_NAME", "ARITH_METHOD", "ARITH_TYPE", "MAP_COLUMN", "SEQ_VALUE", "EDITABLE", "SEQ_INTERVAL", "SELECTOR", "UNIT") VALUES ('#SEQ_CWM_TAB_COLUMNS-127#', 'REF_SYHJ', '所属试验环境', '2', NULL, 'REF_SYHJ_#SEQ_CWM_TABLES-18#', '#SEQ_CWM_TABLES-18#', NULL, NULL, NULL, NULL, '新增,修改,详细,列表', NULL, NULL, NULL, NULL, NULL, NULL, NULL, 'String', NULL, NULL, NULL, 'True', NULL, NULL, NULL, NULL, '1', NULL, NULL, 'False', '2', '//@数据类/@children.15/@关系属性.2', NULL, NULL, NULL, NULL, NULL, NULL, NULL, NULL, NULL, NULL, NULL, NULL, NULL)
INSERT INTO "CWM_TAB_COLUMNS" ("ID", "S_NAME", "DISPLAY_NAME", "CATEGORY", "DESCRIPTION", "S_COLUMN_NAME", "TABLE_ID", "IS_WHO_SEARCH", "IS_FOR_SEARCH", "IS_INDEX", "OPERATE_SIGN", "PURPOSE", "CASESENSITIVE", "DEFAULT_VALUE", "IS_NULLABLE", "IS_ONLY", "IS_PK", "IS_AUTOINCREMENT", "RESTRICTION_ID", "TYPE", "SEQUENCE_NAME", "MAX_LENGTH", "MIN_LENGTH", "IS_SHOW", "IS_WRAP", "PROPERTY_PARAGRAPH", "PROPERTY_CATEGORY", "LINAGE", "IS_VALID", "IS_MUTI_UK", "IS_USED_PAIXU", "IS_NEED", "ORDER_SIGN", "CITE", "NUM_LENGTH", "NUM_PRECISION", "REF_VIEW_ID", "ARITH_ID", "ARITH_NAME", "ARITH_METHOD", "ARITH_TYPE", "MAP_COLUMN", "SEQ_VALUE", "EDITABLE", "SEQ_INTERVAL", "SELECTOR", "UNIT") VALUES ('#SEQ_CWM_TAB_COLUMNS-128#', 'REF_HJFL', '所属环境分类', '2', NULL, 'REF_HJFL_#SEQ_CWM_TABLES-18#', '#SEQ_CWM_TABLES-18#', NULL, NULL, NULL, NULL, '新增,修改,详细,列表', NULL, NULL, NULL, NULL, NULL, NULL, NULL, 'String', NULL, NULL, NULL, 'True', NULL, NULL, NULL, NULL, '1', NULL, NULL, 'False', '0', '//@数据类/@children.15/@关系属性.0', NULL, NULL, NULL, NULL, NULL, NULL, NULL, NULL, NULL, NULL, NULL, NULL, NULL)
INSERT INTO "CWM_TAB_COLUMNS" ("ID", "S_NAME", "DISPLAY_NAME", "CATEGORY", "DESCRIPTION", "S_COLUMN_NAME", "TABLE_ID", "IS_WHO_SEARCH", "IS_FOR_SEARCH", "IS_INDEX", "OPERATE_SIGN", "PURPOSE", "CASESENSITIVE", "DEFAULT_VALUE", "IS_NULLABLE", "IS_ONLY", "IS_PK", "IS_AUTOINCREMENT", "RESTRICTION_ID", "TYPE", "SEQUENCE_NAME", "MAX_LENGTH", "MIN_LENGTH", "IS_SHOW", "IS_WRAP", "PROPERTY_PARAGRAPH", "PROPERTY_CATEGORY", "LINAGE", "IS_VALID", "IS_MUTI_UK", "IS_USED_PAIXU", "IS_NEED", "ORDER_SIGN", "CITE", "NUM_LENGTH", "NUM_PRECISION", "REF_VIEW_ID", "ARITH_ID", "ARITH_NAME", "ARITH_METHOD", "ARITH_TYPE", "MAP_COLUMN", "SEQ_VALUE", "EDITABLE", "SEQ_INTERVAL", "SELECTOR", "UNIT") VALUES ('#SEQ_CWM_TAB_COLUMNS-129#', 'C_FLMC', '分类名称', '1', NULL, 'C_FLMC_#SEQ_CWM_TABLES-18#', '#SEQ_CWM_TABLES-18#', 'False', 'False', 'False', 'like', '新增,修改,详细,列表', 'CaseInsensitive', NULL, 'False', 'False', NULL, 'False', NULL, 'String', NULL, '100', '0', 'True', 'False', NULL, NULL, '1', '1', NULL, NULL, NULL, '0', '//@数据类/@children.15/@普通属性.0', NULL, NULL, NULL, NULL, NULL, NULL, NULL, NULL, '1', '0', '1', NULL, NULL)
INSERT INTO "CWM_TAB_COLUMNS" ("ID", "S_NAME", "DISPLAY_NAME", "CATEGORY", "DESCRIPTION", "S_COLUMN_NAME", "TABLE_ID", "IS_WHO_SEARCH", "IS_FOR_SEARCH", "IS_INDEX", "OPERATE_SIGN", "PURPOSE", "CASESENSITIVE", "DEFAULT_VALUE", "IS_NULLABLE", "IS_ONLY", "IS_PK", "IS_AUTOINCREMENT", "RESTRICTION_ID", "TYPE", "SEQUENCE_NAME", "MAX_LENGTH", "MIN_LENGTH", "IS_SHOW", "IS_WRAP", "PROPERTY_PARAGRAPH", "PROPERTY_CATEGORY", "LINAGE", "IS_VALID", "IS_MUTI_UK", "IS_USED_PAIXU", "IS_NEED", "ORDER_SIGN", "CITE", "NUM_LENGTH", "NUM_PRECISION", "REF_VIEW_ID", "ARITH_ID", "ARITH_NAME", "ARITH_METHOD", "ARITH_TYPE", "MAP_COLUMN", "SEQ_VALUE", "EDITABLE", "SEQ_INTERVAL", "SELECTOR", "UNIT") VALUES ('#SEQ_CWM_TAB_COLUMNS-130#', 'REF_HJFL', '环境分类', '2', NULL, 'REF_HJFL_#SEQ_CWM_TABLES-19#', '#SEQ_CWM_TABLES-19#', NULL, NULL, NULL, NULL, '新增,修改,详细,列表', NULL, NULL, NULL, NULL, NULL, NULL, NULL, 'String', NULL, NULL, NULL, 'True', NULL, NULL, NULL, NULL, '1', NULL, NULL, 'False', '0', '//@数据类/@children.16/@关系属性.0', NULL, NULL, NULL, NULL, NULL, NULL, NULL, NULL, NULL, NULL, NULL, NULL, NULL)
INSERT INTO "CWM_TAB_COLUMNS" ("ID", "S_NAME", "DISPLAY_NAME", "CATEGORY", "DESCRIPTION", "S_COLUMN_NAME", "TABLE_ID", "IS_WHO_SEARCH", "IS_FOR_SEARCH", "IS_INDEX", "OPERATE_SIGN", "PURPOSE", "CASESENSITIVE", "DEFAULT_VALUE", "IS_NULLABLE", "IS_ONLY", "IS_PK", "IS_AUTOINCREMENT", "RESTRICTION_ID", "TYPE", "SEQUENCE_NAME", "MAX_LENGTH", "MIN_LENGTH", "IS_SHOW", "IS_WRAP", "PROPERTY_PARAGRAPH", "PROPERTY_CATEGORY", "LINAGE", "IS_VALID", "IS_MUTI_UK", "IS_USED_PAIXU", "IS_NEED", "ORDER_SIGN", "CITE", "NUM_LENGTH", "NUM_PRECISION", "REF_VIEW_ID", "ARITH_ID", "ARITH_NAME", "ARITH_METHOD", "ARITH_TYPE", "MAP_COLUMN", "SEQ_VALUE", "EDITABLE", "SEQ_INTERVAL", "SELECTOR", "UNIT") VALUES ('#SEQ_CWM_TAB_COLUMNS-131#', 'C_SD', '湿度', '1', NULL, 'C_SD_#SEQ_CWM_TABLES-19#', '#SEQ_CWM_TABLES-19#', 'False', 'False', 'False', 'like', '新增,修改,详细,列表', 'CaseInsensitive', NULL, 'False', 'False', NULL, 'False', NULL, 'Float', NULL, '100', '0', 'True', 'False', NULL, NULL, '1', '1', NULL, NULL, NULL, '2', '//@数据类/@children.16/@普通属性.2', NULL, NULL, NULL, NULL, NULL, NULL, NULL, NULL, '1', '0', '1', NULL, NULL)
INSERT INTO "CWM_TAB_COLUMNS" ("ID", "S_NAME", "DISPLAY_NAME", "CATEGORY", "DESCRIPTION", "S_COLUMN_NAME", "TABLE_ID", "IS_WHO_SEARCH", "IS_FOR_SEARCH", "IS_INDEX", "OPERATE_SIGN", "PURPOSE", "CASESENSITIVE", "DEFAULT_VALUE", "IS_NULLABLE", "IS_ONLY", "IS_PK", "IS_AUTOINCREMENT", "RESTRICTION_ID", "TYPE", "SEQUENCE_NAME", "MAX_LENGTH", "MIN_LENGTH", "IS_SHOW", "IS_WRAP", "PROPERTY_PARAGRAPH", "PROPERTY_CATEGORY", "LINAGE", "IS_VALID", "IS_MUTI_UK", "IS_USED_PAIXU", "IS_NEED", "ORDER_SIGN", "CITE", "NUM_LENGTH", "NUM_PRECISION", "REF_VIEW_ID", "ARITH_ID", "ARITH_NAME", "ARITH_METHOD", "ARITH_TYPE", "MAP_COLUMN", "SEQ_VALUE", "EDITABLE", "SEQ_INTERVAL", "SELECTOR", "UNIT") VALUES ('#SEQ_CWM_TAB_COLUMNS-132#', 'C_CYSJ', '采样时间', '1', NULL, 'C_CYSJ_#SEQ_CWM_TABLES-19#', '#SEQ_CWM_TABLES-19#', 'False', 'False', 'False', 'like', '新增,修改,详细,列表', 'CaseInsensitive', '$系统时间', 'False', 'False', NULL, 'False', NULL, 'DateTime', NULL, '100', '0', 'True', 'False', NULL, NULL, '1', '1', NULL, NULL, NULL, '0', '//@数据类/@children.16/@普通属性.0', NULL, NULL, NULL, NULL, NULL, NULL, NULL, NULL, '1', '0', '1', NULL, NULL)
INSERT INTO "CWM_TAB_COLUMNS" ("ID", "S_NAME", "DISPLAY_NAME", "CATEGORY", "DESCRIPTION", "S_COLUMN_NAME", "TABLE_ID", "IS_WHO_SEARCH", "IS_FOR_SEARCH", "IS_INDEX", "OPERATE_SIGN", "PURPOSE", "CASESENSITIVE", "DEFAULT_VALUE", "IS_NULLABLE", "IS_ONLY", "IS_PK", "IS_AUTOINCREMENT", "RESTRICTION_ID", "TYPE", "SEQUENCE_NAME", "MAX_LENGTH", "MIN_LENGTH", "IS_SHOW", "IS_WRAP", "PROPERTY_PARAGRAPH", "PROPERTY_CATEGORY", "LINAGE", "IS_VALID", "IS_MUTI_UK", "IS_USED_PAIXU", "IS_NEED", "ORDER_SIGN", "CITE", "NUM_LENGTH", "NUM_PRECISION", "REF_VIEW_ID", "ARITH_ID", "ARITH_NAME", "ARITH_METHOD", "ARITH_TYPE", "MAP_COLUMN", "SEQ_VALUE", "EDITABLE", "SEQ_INTERVAL", "SELECTOR", "UNIT") VALUES ('#SEQ_CWM_TAB_COLUMNS-133#', 'C_WD', '温度', '1', NULL, 'C_WD_#SEQ_CWM_TABLES-19#', '#SEQ_CWM_TABLES-19#', 'False', 'False', 'False', 'like', '新增,修改,详细,列表', 'CaseInsensitive', NULL, 'False', 'False', NULL, 'False', NULL, 'Float', NULL, '100', '0', 'True', 'False', NULL, NULL, '1', '1', NULL, NULL, NULL, '1', '//@数据类/@children.16/@普通属性.1', NULL, NULL, NULL, NULL, NULL, NULL, NULL, NULL, '1', '0', '1', NULL, NULL)
INSERT INTO "CWM_TAB_COLUMNS" ("ID", "S_NAME", "DISPLAY_NAME", "CATEGORY", "DESCRIPTION", "S_COLUMN_NAME", "TABLE_ID", "IS_WHO_SEARCH", "IS_FOR_SEARCH", "IS_INDEX", "OPERATE_SIGN", "PURPOSE", "CASESENSITIVE", "DEFAULT_VALUE", "IS_NULLABLE", "IS_ONLY", "IS_PK", "IS_AUTOINCREMENT", "RESTRICTION_ID", "TYPE", "SEQUENCE_NAME", "MAX_LENGTH", "MIN_LENGTH", "IS_SHOW", "IS_WRAP", "PROPERTY_PARAGRAPH", "PROPERTY_CATEGORY", "LINAGE", "IS_VALID", "IS_MUTI_UK", "IS_USED_PAIXU", "IS_NEED", "ORDER_SIGN", "CITE", "NUM_LENGTH", "NUM_PRECISION", "REF_VIEW_ID", "ARITH_ID", "ARITH_NAME", "ARITH_METHOD", "ARITH_TYPE", "MAP_COLUMN", "SEQ_VALUE", "EDITABLE", "SEQ_INTERVAL", "SELECTOR", "UNIT") VALUES ('#SEQ_CWM_TAB_COLUMNS-134#', 'C_CYRY', '采样人员', '1', NULL, 'C_CYRY_#SEQ_CWM_TABLES-19#', '#SEQ_CWM_TABLES-19#', 'False', 'False', 'False', 'like', '新增,修改,详细,列表', 'CaseInsensitive', '$系统用户', 'False', 'False', NULL, 'False', NULL, 'String', NULL, '100', '0', 'True', 'False', NULL, NULL, '1', '1', NULL, NULL, NULL, '4', '//@数据类/@children.16/@普通属性.4', NULL, NULL, NULL, NULL, NULL, NULL, NULL, NULL, '1', '0', '1', '{"filterType":"1","filterValue":"","multiSelect":"false","selectorType":"1"}', NULL)
INSERT INTO "CWM_TAB_COLUMNS" ("ID", "S_NAME", "DISPLAY_NAME", "CATEGORY", "DESCRIPTION", "S_COLUMN_NAME", "TABLE_ID", "IS_WHO_SEARCH", "IS_FOR_SEARCH", "IS_INDEX", "OPERATE_SIGN", "PURPOSE", "CASESENSITIVE", "DEFAULT_VALUE", "IS_NULLABLE", "IS_ONLY", "IS_PK", "IS_AUTOINCREMENT", "RESTRICTION_ID", "TYPE", "SEQUENCE_NAME", "MAX_LENGTH", "MIN_LENGTH", "IS_SHOW", "IS_WRAP", "PROPERTY_PARAGRAPH", "PROPERTY_CATEGORY", "LINAGE", "IS_VALID", "IS_MUTI_UK", "IS_USED_PAIXU", "IS_NEED", "ORDER_SIGN", "CITE", "NUM_LENGTH", "NUM_PRECISION", "REF_VIEW_ID", "ARITH_ID", "ARITH_NAME", "ARITH_METHOD", "ARITH_TYPE", "MAP_COLUMN", "SEQ_VALUE", "EDITABLE", "SEQ_INTERVAL", "SELECTOR", "UNIT") VALUES ('#SEQ_CWM_TAB_COLUMNS-135#', 'C_DQY', '大气压', '1', NULL, 'C_DQY_#SEQ_CWM_TABLES-19#', '#SEQ_CWM_TABLES-19#', 'False', 'False', 'False', 'like', '新增,修改,详细,列表', 'CaseInsensitive', NULL, 'False', 'False', NULL, 'False', NULL, 'Float', NULL, '100', '0', 'True', 'False', NULL, NULL, '1', '1', NULL, NULL, NULL, '3', '//@数据类/@children.16/@普通属性.3', NULL, NULL, NULL, NULL, NULL, NULL, NULL, NULL, '1', '0', '1', NULL, NULL)
INSERT INTO "CWM_TAB_COLUMNS" ("ID", "S_NAME", "DISPLAY_NAME", "CATEGORY", "DESCRIPTION", "S_COLUMN_NAME", "TABLE_ID", "IS_WHO_SEARCH", "IS_FOR_SEARCH", "IS_INDEX", "OPERATE_SIGN", "PURPOSE", "CASESENSITIVE", "DEFAULT_VALUE", "IS_NULLABLE", "IS_ONLY", "IS_PK", "IS_AUTOINCREMENT", "RESTRICTION_ID", "TYPE", "SEQUENCE_NAME", "MAX_LENGTH", "MIN_LENGTH", "IS_SHOW", "IS_WRAP", "PROPERTY_PARAGRAPH", "PROPERTY_CATEGORY", "LINAGE", "IS_VALID", "IS_MUTI_UK", "IS_USED_PAIXU", "IS_NEED", "ORDER_SIGN", "CITE", "NUM_LENGTH", "NUM_PRECISION", "REF_VIEW_ID", "ARITH_ID", "ARITH_NAME", "ARITH_METHOD", "ARITH_TYPE", "MAP_COLUMN", "SEQ_VALUE", "EDITABLE", "SEQ_INTERVAL", "SELECTOR", "UNIT") VALUES ('#SEQ_CWM_TAB_COLUMNS-136#', 'SUB_SBBQ', '子设备标签', '2', NULL, 'SUB_SBBQ_#SEQ_CWM_TABLES-20#', '#SEQ_CWM_TABLES-20#', NULL, NULL, NULL, NULL, '新增,修改,详细,列表', NULL, NULL, NULL, NULL, NULL, NULL, NULL, 'String', NULL, NULL, NULL, 'True', NULL, NULL, NULL, NULL, '1', NULL, NULL, 'False', '1', '//@数据类/@children.17/@关系属性.1', NULL, NULL, NULL, NULL, NULL, NULL, NULL, NULL, NULL, NULL, NULL, NULL, NULL)
INSERT INTO "CWM_TAB_COLUMNS" ("ID", "S_NAME", "DISPLAY_NAME", "CATEGORY", "DESCRIPTION", "S_COLUMN_NAME", "TABLE_ID", "IS_WHO_SEARCH", "IS_FOR_SEARCH", "IS_INDEX", "OPERATE_SIGN", "PURPOSE", "CASESENSITIVE", "DEFAULT_VALUE", "IS_NULLABLE", "IS_ONLY", "IS_PK", "IS_AUTOINCREMENT", "RESTRICTION_ID", "TYPE", "SEQUENCE_NAME", "MAX_LENGTH", "MIN_LENGTH", "IS_SHOW", "IS_WRAP", "PROPERTY_PARAGRAPH", "PROPERTY_CATEGORY", "LINAGE", "IS_VALID", "IS_MUTI_UK", "IS_USED_PAIXU", "IS_NEED", "ORDER_SIGN", "CITE", "NUM_LENGTH", "NUM_PRECISION", "REF_VIEW_ID", "ARITH_ID", "ARITH_NAME", "ARITH_METHOD", "ARITH_TYPE", "MAP_COLUMN", "SEQ_VALUE", "EDITABLE", "SEQ_INTERVAL", "SELECTOR", "UNIT") VALUES ('#SEQ_CWM_TAB_COLUMNS-137#', 'REF_SBBQ', '设备标签', '2', NULL, 'REF_SBBQ_#SEQ_CWM_TABLES-20#', '#SEQ_CWM_TABLES-20#', NULL, NULL, NULL, NULL, '新增,修改,详细,列表', NULL, NULL, NULL, NULL, NULL, NULL, NULL, 'String', NULL, NULL, NULL, 'True', NULL, NULL, NULL, NULL, '1', NULL, NULL, 'False', '0', '//@数据类/@children.17/@关系属性.0', NULL, NULL, NULL, NULL, NULL, NULL, NULL, NULL, NULL, NULL, NULL, NULL, NULL)
INSERT INTO "CWM_TAB_COLUMNS" ("ID", "S_NAME", "DISPLAY_NAME", "CATEGORY", "DESCRIPTION", "S_COLUMN_NAME", "TABLE_ID", "IS_WHO_SEARCH", "IS_FOR_SEARCH", "IS_INDEX", "OPERATE_SIGN", "PURPOSE", "CASESENSITIVE", "DEFAULT_VALUE", "IS_NULLABLE", "IS_ONLY", "IS_PK", "IS_AUTOINCREMENT", "RESTRICTION_ID", "TYPE", "SEQUENCE_NAME", "MAX_LENGTH", "MIN_LENGTH", "IS_SHOW", "IS_WRAP", "PROPERTY_PARAGRAPH", "PROPERTY_CATEGORY", "LINAGE", "IS_VALID", "IS_MUTI_UK", "IS_USED_PAIXU", "IS_NEED", "ORDER_SIGN", "CITE", "NUM_LENGTH", "NUM_PRECISION", "REF_VIEW_ID", "ARITH_ID", "ARITH_NAME", "ARITH_METHOD", "ARITH_TYPE", "MAP_COLUMN", "SEQ_VALUE", "EDITABLE", "SEQ_INTERVAL", "SELECTOR", "UNIT") VALUES ('#SEQ_CWM_TAB_COLUMNS-138#', 'C_MS', '描述', '1', NULL, 'C_MS_#SEQ_CWM_TABLES-20#', '#SEQ_CWM_TABLES-20#', 'False', 'False', 'False', 'like', '新增,修改,详细,列表', 'CaseInsensitive', NULL, 'False', 'False', NULL, 'False', NULL, 'String', NULL, '100', '0', 'True', 'False', NULL, NULL, '1', '1', NULL, NULL, NULL, '1', '//@数据类/@children.17/@普通属性.1', NULL, NULL, NULL, NULL, NULL, NULL, NULL, NULL, '1', '0', '1', NULL, NULL)
INSERT INTO "CWM_TAB_COLUMNS" ("ID", "S_NAME", "DISPLAY_NAME", "CATEGORY", "DESCRIPTION", "S_COLUMN_NAME", "TABLE_ID", "IS_WHO_SEARCH", "IS_FOR_SEARCH", "IS_INDEX", "OPERATE_SIGN", "PURPOSE", "CASESENSITIVE", "DEFAULT_VALUE", "IS_NULLABLE", "IS_ONLY", "IS_PK", "IS_AUTOINCREMENT", "RESTRICTION_ID", "TYPE", "SEQUENCE_NAME", "MAX_LENGTH", "MIN_LENGTH", "IS_SHOW", "IS_WRAP", "PROPERTY_PARAGRAPH", "PROPERTY_CATEGORY", "LINAGE", "IS_VALID", "IS_MUTI_UK", "IS_USED_PAIXU", "IS_NEED", "ORDER_SIGN", "CITE", "NUM_LENGTH", "NUM_PRECISION", "REF_VIEW_ID", "ARITH_ID", "ARITH_NAME", "ARITH_METHOD", "ARITH_TYPE", "MAP_COLUMN", "SEQ_VALUE", "EDITABLE", "SEQ_INTERVAL", "SELECTOR", "UNIT") VALUES ('#SEQ_CWM_TAB_COLUMNS-139#', 'C_BQMC', '标签名称', '1', NULL, 'C_BQMC_#SEQ_CWM_TABLES-20#', '#SEQ_CWM_TABLES-20#', 'False', 'False', 'False', 'like', '新增,修改,详细,列表', 'CaseInsensitive', NULL, 'False', 'False', NULL, 'False', NULL, 'String', NULL, '100', '0', 'True', 'False', NULL, NULL, '1', '1', NULL, NULL, NULL, '0', '//@数据类/@children.17/@普通属性.0', NULL, NULL, NULL, NULL, NULL, NULL, NULL, NULL, '1', '0', '1', NULL, NULL)
INSERT INTO "CWM_TAB_COLUMNS" ("ID", "S_NAME", "DISPLAY_NAME", "CATEGORY", "DESCRIPTION", "S_COLUMN_NAME", "TABLE_ID", "IS_WHO_SEARCH", "IS_FOR_SEARCH", "IS_INDEX", "OPERATE_SIGN", "PURPOSE", "CASESENSITIVE", "DEFAULT_VALUE", "IS_NULLABLE", "IS_ONLY", "IS_PK", "IS_AUTOINCREMENT", "RESTRICTION_ID", "TYPE", "SEQUENCE_NAME", "MAX_LENGTH", "MIN_LENGTH", "IS_SHOW", "IS_WRAP", "PROPERTY_PARAGRAPH", "PROPERTY_CATEGORY", "LINAGE", "IS_VALID", "IS_MUTI_UK", "IS_USED_PAIXU", "IS_NEED", "ORDER_SIGN", "CITE", "NUM_LENGTH", "NUM_PRECISION", "REF_VIEW_ID", "ARITH_ID", "ARITH_NAME", "ARITH_METHOD", "ARITH_TYPE", "MAP_COLUMN", "SEQ_VALUE", "EDITABLE", "SEQ_INTERVAL", "SELECTOR", "UNIT") VALUES ('#SEQ_CWM_TAB_COLUMNS-140#', 'C_GZLX', '故障类型', '1', NULL, 'C_GZLX_#SEQ_CWM_TABLES-21#', '#SEQ_CWM_TABLES-21#', 'False', 'False', 'False', 'like', '新增,修改,详细,列表', 'CaseInsensitive', NULL, 'False', 'False', NULL, 'False', NULL, 'String', NULL, '100', '0', 'True', 'False', NULL, NULL, '1', '1', NULL, NULL, NULL, '2', '//@数据类/@children.18/@普通属性.2', NULL, NULL, NULL, NULL, NULL, NULL, NULL, NULL, '1', '0', '1', NULL, NULL)
INSERT INTO "CWM_TAB_COLUMNS" ("ID", "S_NAME", "DISPLAY_NAME", "CATEGORY", "DESCRIPTION", "S_COLUMN_NAME", "TABLE_ID", "IS_WHO_SEARCH", "IS_FOR_SEARCH", "IS_INDEX", "OPERATE_SIGN", "PURPOSE", "CASESENSITIVE", "DEFAULT_VALUE", "IS_NULLABLE", "IS_ONLY", "IS_PK", "IS_AUTOINCREMENT", "RESTRICTION_ID", "TYPE", "SEQUENCE_NAME", "MAX_LENGTH", "MIN_LENGTH", "IS_SHOW", "IS_WRAP", "PROPERTY_PARAGRAPH", "PROPERTY_CATEGORY", "LINAGE", "IS_VALID", "IS_MUTI_UK", "IS_USED_PAIXU", "IS_NEED", "ORDER_SIGN", "CITE", "NUM_LENGTH", "NUM_PRECISION", "REF_VIEW_ID", "ARITH_ID", "ARITH_NAME", "ARITH_METHOD", "ARITH_TYPE", "MAP_COLUMN", "SEQ_VALUE", "EDITABLE", "SEQ_INTERVAL", "SELECTOR", "UNIT") VALUES ('#SEQ_CWM_TAB_COLUMNS-141#', 'C_GZSJ', '故障时间', '1', NULL, 'C_GZSJ_#SEQ_CWM_TABLES-21#', '#SEQ_CWM_TABLES-21#', 'False', 'False', 'False', 'like', '新增,修改,详细,列表', 'CaseInsensitive', NULL, 'False', 'False', NULL, 'False', NULL, 'Date', NULL, '100', '0', 'True', 'False', NULL, NULL, '1', '1', NULL, NULL, NULL, '0', '//@数据类/@children.18/@普通属性.0', NULL, NULL, NULL, NULL, NULL, NULL, NULL, NULL, '1', '0', '1', NULL, NULL)
INSERT INTO "CWM_TAB_COLUMNS" ("ID", "S_NAME", "DISPLAY_NAME", "CATEGORY", "DESCRIPTION", "S_COLUMN_NAME", "TABLE_ID", "IS_WHO_SEARCH", "IS_FOR_SEARCH", "IS_INDEX", "OPERATE_SIGN", "PURPOSE", "CASESENSITIVE", "DEFAULT_VALUE", "IS_NULLABLE", "IS_ONLY", "IS_PK", "IS_AUTOINCREMENT", "RESTRICTION_ID", "TYPE", "SEQUENCE_NAME", "MAX_LENGTH", "MIN_LENGTH", "IS_SHOW", "IS_WRAP", "PROPERTY_PARAGRAPH", "PROPERTY_CATEGORY", "LINAGE", "IS_VALID", "IS_MUTI_UK", "IS_USED_PAIXU", "IS_NEED", "ORDER_SIGN", "CITE", "NUM_LENGTH", "NUM_PRECISION", "REF_VIEW_ID", "ARITH_ID", "ARITH_NAME", "ARITH_METHOD", "ARITH_TYPE", "MAP_COLUMN", "SEQ_VALUE", "EDITABLE", "SEQ_INTERVAL", "SELECTOR", "UNIT") VALUES ('#SEQ_CWM_TAB_COLUMNS-142#', 'C_GZMS', '故障描述', '1', NULL, 'C_GZMS_#SEQ_CWM_TABLES-21#', '#SEQ_CWM_TABLES-21#', 'False', 'False', 'False', 'like', '新增,修改,详细,列表', 'CaseInsensitive', NULL, 'False', 'False', NULL, 'False', NULL, 'Text', NULL, '100', '0', 'True', 'False', NULL, NULL, '1', '1', NULL, NULL, NULL, '3', '//@数据类/@children.18/@普通属性.3', NULL, NULL, NULL, NULL, NULL, NULL, NULL, NULL, '1', '0', '1', NULL, NULL)
INSERT INTO "CWM_TAB_COLUMNS" ("ID", "S_NAME", "DISPLAY_NAME", "CATEGORY", "DESCRIPTION", "S_COLUMN_NAME", "TABLE_ID", "IS_WHO_SEARCH", "IS_FOR_SEARCH", "IS_INDEX", "OPERATE_SIGN", "PURPOSE", "CASESENSITIVE", "DEFAULT_VALUE", "IS_NULLABLE", "IS_ONLY", "IS_PK", "IS_AUTOINCREMENT", "RESTRICTION_ID", "TYPE", "SEQUENCE_NAME", "MAX_LENGTH", "MIN_LENGTH", "IS_SHOW", "IS_WRAP", "PROPERTY_PARAGRAPH", "PROPERTY_CATEGORY", "LINAGE", "IS_VALID", "IS_MUTI_UK", "IS_USED_PAIXU", "IS_NEED", "ORDER_SIGN", "CITE", "NUM_LENGTH", "NUM_PRECISION", "REF_VIEW_ID", "ARITH_ID", "ARITH_NAME", "ARITH_METHOD", "ARITH_TYPE", "MAP_COLUMN", "SEQ_VALUE", "EDITABLE", "SEQ_INTERVAL", "SELECTOR", "UNIT") VALUES ('#SEQ_CWM_TAB_COLUMNS-143#', 'REF_SB', '设备', '2', NULL, 'REF_SB_#SEQ_CWM_TABLES-21#', '#SEQ_CWM_TABLES-21#', NULL, NULL, NULL, NULL, '新增,修改,详细,列表', NULL, NULL, NULL, NULL, NULL, NULL, NULL, 'String', NULL, NULL, NULL, 'True', NULL, NULL, NULL, NULL, '1', NULL, NULL, 'False', '0', '//@数据类/@children.18/@关系属性.0', NULL, NULL, NULL, NULL, NULL, NULL, NULL, NULL, NULL, NULL, NULL, NULL, NULL)
INSERT INTO "CWM_TAB_COLUMNS" ("ID", "S_NAME", "DISPLAY_NAME", "CATEGORY", "DESCRIPTION", "S_COLUMN_NAME", "TABLE_ID", "IS_WHO_SEARCH", "IS_FOR_SEARCH", "IS_INDEX", "OPERATE_SIGN", "PURPOSE", "CASESENSITIVE", "DEFAULT_VALUE", "IS_NULLABLE", "IS_ONLY", "IS_PK", "IS_AUTOINCREMENT", "RESTRICTION_ID", "TYPE", "SEQUENCE_NAME", "MAX_LENGTH", "MIN_LENGTH", "IS_SHOW", "IS_WRAP", "PROPERTY_PARAGRAPH", "PROPERTY_CATEGORY", "LINAGE", "IS_VALID", "IS_MUTI_UK", "IS_USED_PAIXU", "IS_NEED", "ORDER_SIGN", "CITE", "NUM_LENGTH", "NUM_PRECISION", "REF_VIEW_ID", "ARITH_ID", "ARITH_NAME", "ARITH_METHOD", "ARITH_TYPE", "MAP_COLUMN", "SEQ_VALUE", "EDITABLE", "SEQ_INTERVAL", "SELECTOR", "UNIT") VALUES ('#SEQ_CWM_TAB_COLUMNS-144#', 'C_JJQKSM', '解决情况说明', '1', NULL, 'C_JJQKSM_#SEQ_CWM_TABLES-21#', '#SEQ_CWM_TABLES-21#', 'False', 'False', 'False', 'like', '新增,修改,详细,列表', 'CaseInsensitive', NULL, 'False', 'False', NULL, 'False', NULL, 'Text', NULL, '100', '0', 'True', 'False', NULL, NULL, '1', '1', NULL, NULL, NULL, '4', '//@数据类/@children.18/@普通属性.4', NULL, NULL, NULL, NULL, NULL, NULL, NULL, NULL, '1', '0', '1', NULL, NULL)
INSERT INTO "CWM_TAB_COLUMNS" ("ID", "S_NAME", "DISPLAY_NAME", "CATEGORY", "DESCRIPTION", "S_COLUMN_NAME", "TABLE_ID", "IS_WHO_SEARCH", "IS_FOR_SEARCH", "IS_INDEX", "OPERATE_SIGN", "PURPOSE", "CASESENSITIVE", "DEFAULT_VALUE", "IS_NULLABLE", "IS_ONLY", "IS_PK", "IS_AUTOINCREMENT", "RESTRICTION_ID", "TYPE", "SEQUENCE_NAME", "MAX_LENGTH", "MIN_LENGTH", "IS_SHOW", "IS_WRAP", "PROPERTY_PARAGRAPH", "PROPERTY_CATEGORY", "LINAGE", "IS_VALID", "IS_MUTI_UK", "IS_USED_PAIXU", "IS_NEED", "ORDER_SIGN", "CITE", "NUM_LENGTH", "NUM_PRECISION", "REF_VIEW_ID", "ARITH_ID", "ARITH_NAME", "ARITH_METHOD", "ARITH_TYPE", "MAP_COLUMN", "SEQ_VALUE", "EDITABLE", "SEQ_INTERVAL", "SELECTOR", "UNIT") VALUES ('#SEQ_CWM_TAB_COLUMNS-145#', 'C_FXR', '发现人', '1', NULL, 'C_FXR_#SEQ_CWM_TABLES-21#', '#SEQ_CWM_TABLES-21#', 'False', 'False', 'False', 'like', '新增,修改,详细,列表', 'CaseInsensitive', NULL, 'False', 'False', NULL, 'False', NULL, 'String', NULL, '100', '0', 'True', 'False', NULL, NULL, '1', '1', NULL, NULL, NULL, '1', '//@数据类/@children.18/@普通属性.1', NULL, NULL, NULL, NULL, NULL, NULL, NULL, NULL, '1', '0', '1', '{"filterType":"1","filterValue":"","multiSelect":"false","selectorType":"1"}', NULL)
INSERT INTO "CWM_TAB_COLUMNS" ("ID", "S_NAME", "DISPLAY_NAME", "CATEGORY", "DESCRIPTION", "S_COLUMN_NAME", "TABLE_ID", "IS_WHO_SEARCH", "IS_FOR_SEARCH", "IS_INDEX", "OPERATE_SIGN", "PURPOSE", "CASESENSITIVE", "DEFAULT_VALUE", "IS_NULLABLE", "IS_ONLY", "IS_PK", "IS_AUTOINCREMENT", "RESTRICTION_ID", "TYPE", "SEQUENCE_NAME", "MAX_LENGTH", "MIN_LENGTH", "IS_SHOW", "IS_WRAP", "PROPERTY_PARAGRAPH", "PROPERTY_CATEGORY", "LINAGE", "IS_VALID", "IS_MUTI_UK", "IS_USED_PAIXU", "IS_NEED", "ORDER_SIGN", "CITE", "NUM_LENGTH", "NUM_PRECISION", "REF_VIEW_ID", "ARITH_ID", "ARITH_NAME", "ARITH_METHOD", "ARITH_TYPE", "MAP_COLUMN", "SEQ_VALUE", "EDITABLE", "SEQ_INTERVAL", "SELECTOR", "UNIT") VALUES ('#SEQ_CWM_TAB_COLUMNS-146#', 'C_SYDW', '使用单位', '1', NULL, 'C_SYDW_#SEQ_CWM_TABLES-22#', '#SEQ_CWM_TABLES-22#', 'False', 'False', 'False', 'like', '新增,修改,详细,列表', 'CaseInsensitive', NULL, 'False', 'False', NULL, 'False', NULL, 'String', NULL, '100', '0', 'True', 'False', NULL, NULL, '1', '1', NULL, NULL, NULL, '1', '//@数据类/@children.19/@普通属性.1', NULL, NULL, NULL, NULL, NULL, NULL, NULL, NULL, '1', '0', '1', NULL, NULL)
INSERT INTO "CWM_TAB_COLUMNS" ("ID", "S_NAME", "DISPLAY_NAME", "CATEGORY", "DESCRIPTION", "S_COLUMN_NAME", "TABLE_ID", "IS_WHO_SEARCH", "IS_FOR_SEARCH", "IS_INDEX", "OPERATE_SIGN", "PURPOSE", "CASESENSITIVE", "DEFAULT_VALUE", "IS_NULLABLE", "IS_ONLY", "IS_PK", "IS_AUTOINCREMENT", "RESTRICTION_ID", "TYPE", "SEQUENCE_NAME", "MAX_LENGTH", "MIN_LENGTH", "IS_SHOW", "IS_WRAP", "PROPERTY_PARAGRAPH", "PROPERTY_CATEGORY", "LINAGE", "IS_VALID", "IS_MUTI_UK", "IS_USED_PAIXU", "IS_NEED", "ORDER_SIGN", "CITE", "NUM_LENGTH", "NUM_PRECISION", "REF_VIEW_ID", "ARITH_ID", "ARITH_NAME", "ARITH_METHOD", "ARITH_TYPE", "MAP_COLUMN", "SEQ_VALUE", "EDITABLE", "SEQ_INTERVAL", "SELECTOR", "UNIT") VALUES ('#SEQ_CWM_TAB_COLUMNS-147#', 'C_SYYP', '试验样品', '1', NULL, 'C_SYYP_#SEQ_CWM_TABLES-22#', '#SEQ_CWM_TABLES-22#', 'False', 'False', 'False', 'like', '新增,修改,详细,列表', 'CaseInsensitive', NULL, 'False', 'False', NULL, 'False', NULL, 'String', NULL, '100', '0', 'True', 'False', NULL, NULL, '1', '1', NULL, NULL, NULL, '5', '//@数据类/@children.19/@普通属性.5', NULL, NULL, NULL, NULL, NULL, NULL, NULL, NULL, '1', '0', '1', '{"tableName":"T_SYYP","schemaId":"DEVICE_SCHEMA_ID","multiSelect":"true","selectorType":"5"}', NULL)
INSERT INTO "CWM_TAB_COLUMNS" ("ID", "S_NAME", "DISPLAY_NAME", "CATEGORY", "DESCRIPTION", "S_COLUMN_NAME", "TABLE_ID", "IS_WHO_SEARCH", "IS_FOR_SEARCH", "IS_INDEX", "OPERATE_SIGN", "PURPOSE", "CASESENSITIVE", "DEFAULT_VALUE", "IS_NULLABLE", "IS_ONLY", "IS_PK", "IS_AUTOINCREMENT", "RESTRICTION_ID", "TYPE", "SEQUENCE_NAME", "MAX_LENGTH", "MIN_LENGTH", "IS_SHOW", "IS_WRAP", "PROPERTY_PARAGRAPH", "PROPERTY_CATEGORY", "LINAGE", "IS_VALID", "IS_MUTI_UK", "IS_USED_PAIXU", "IS_NEED", "ORDER_SIGN", "CITE", "NUM_LENGTH", "NUM_PRECISION", "REF_VIEW_ID", "ARITH_ID", "ARITH_NAME", "ARITH_METHOD", "ARITH_TYPE", "MAP_COLUMN", "SEQ_VALUE", "EDITABLE", "SEQ_INTERVAL", "SELECTOR", "UNIT") VALUES ('#SEQ_CWM_TAB_COLUMNS-148#', 'C_XTMC', '系统名称', '1', NULL, 'C_XTMC_#SEQ_CWM_TABLES-22#', '#SEQ_CWM_TABLES-22#', 'False', 'False', 'False', 'like', '新增,修改,详细,列表', 'CaseInsensitive', NULL, 'False', 'False', NULL, 'False', NULL, 'String', NULL, '100', '0', 'True', 'False', NULL, NULL, '1', '1', NULL, NULL, NULL, '0', '//@数据类/@children.19/@普通属性.0', NULL, NULL, NULL, NULL, NULL, NULL, NULL, NULL, '1', '0', '1', NULL, NULL)
INSERT INTO "CWM_TAB_COLUMNS" ("ID", "S_NAME", "DISPLAY_NAME", "CATEGORY", "DESCRIPTION", "S_COLUMN_NAME", "TABLE_ID", "IS_WHO_SEARCH", "IS_FOR_SEARCH", "IS_INDEX", "OPERATE_SIGN", "PURPOSE", "CASESENSITIVE", "DEFAULT_VALUE", "IS_NULLABLE", "IS_ONLY", "IS_PK", "IS_AUTOINCREMENT", "RESTRICTION_ID", "TYPE", "SEQUENCE_NAME", "MAX_LENGTH", "MIN_LENGTH", "IS_SHOW", "IS_WRAP", "PROPERTY_PARAGRAPH", "PROPERTY_CATEGORY", "LINAGE", "IS_VALID", "IS_MUTI_UK", "IS_USED_PAIXU", "IS_NEED", "ORDER_SIGN", "CITE", "NUM_LENGTH", "NUM_PRECISION", "REF_VIEW_ID", "ARITH_ID", "ARITH_NAME", "ARITH_METHOD", "ARITH_TYPE", "MAP_COLUMN", "SEQ_VALUE", "EDITABLE", "SEQ_INTERVAL", "SELECTOR", "UNIT") VALUES ('#SEQ_CWM_TAB_COLUMNS-149#', 'C_SYTD', '试验团队', '1', NULL, 'C_SYTD_#SEQ_CWM_TABLES-22#', '#SEQ_CWM_TABLES-22#', 'False', 'False', 'False', 'like', '新增,修改,详细,列表', 'CaseInsensitive', NULL, 'False', 'False', NULL, 'False', NULL, 'String', NULL, '100', '0', 'True', 'False', NULL, NULL, '1', '1', NULL, NULL, NULL, '6', '//@数据类/@children.19/@普通属性.6', NULL, NULL, NULL, NULL, NULL, NULL, NULL, NULL, '1', '0', '1', '{"tableName":"T_SYTD","schemaId":"DEVICE_SCHEMA_ID","multiSelect":"true","selectorType":"5"}', NULL)
INSERT INTO "CWM_TAB_COLUMNS" ("ID", "S_NAME", "DISPLAY_NAME", "CATEGORY", "DESCRIPTION", "S_COLUMN_NAME", "TABLE_ID", "IS_WHO_SEARCH", "IS_FOR_SEARCH", "IS_INDEX", "OPERATE_SIGN", "PURPOSE", "CASESENSITIVE", "DEFAULT_VALUE", "IS_NULLABLE", "IS_ONLY", "IS_PK", "IS_AUTOINCREMENT", "RESTRICTION_ID", "TYPE", "SEQUENCE_NAME", "MAX_LENGTH", "MIN_LENGTH", "IS_SHOW", "IS_WRAP", "PROPERTY_PARAGRAPH", "PROPERTY_CATEGORY", "LINAGE", "IS_VALID", "IS_MUTI_UK", "IS_USED_PAIXU", "IS_NEED", "ORDER_SIGN", "CITE", "NUM_LENGTH", "NUM_PRECISION", "REF_VIEW_ID", "ARITH_ID", "ARITH_NAME", "ARITH_METHOD", "ARITH_TYPE", "MAP_COLUMN", "SEQ_VALUE", "EDITABLE", "SEQ_INTERVAL", "SELECTOR", "UNIT") VALUES ('#SEQ_CWM_TAB_COLUMNS-150#', 'C_SYJ', '试验件', '1', NULL, 'C_SYJ_#SEQ_CWM_TABLES-22#', '#SEQ_CWM_TABLES-22#', 'False', 'False', 'False', 'like', '新增,修改,详细,列表', 'CaseInsensitive', NULL, 'False', 'False', NULL, 'False', NULL, 'String', NULL, '100', '0', 'True', 'False', NULL, NULL, '1', '1', NULL, NULL, NULL, '4', '//@数据类/@children.19/@普通属性.4', NULL, NULL, NULL, NULL, NULL, NULL, NULL, NULL, '1', '0', '1', '{"tableName":"T_SYJ","schemaId":"DEVICE_SCHEMA_ID","multiSelect":"true","selectorType":"5"}', NULL)
INSERT INTO "CWM_TAB_COLUMNS" ("ID", "S_NAME", "DISPLAY_NAME", "CATEGORY", "DESCRIPTION", "S_COLUMN_NAME", "TABLE_ID", "IS_WHO_SEARCH", "IS_FOR_SEARCH", "IS_INDEX", "OPERATE_SIGN", "PURPOSE", "CASESENSITIVE", "DEFAULT_VALUE", "IS_NULLABLE", "IS_ONLY", "IS_PK", "IS_AUTOINCREMENT", "RESTRICTION_ID", "TYPE", "SEQUENCE_NAME", "MAX_LENGTH", "MIN_LENGTH", "IS_SHOW", "IS_WRAP", "PROPERTY_PARAGRAPH", "PROPERTY_CATEGORY", "LINAGE", "IS_VALID", "IS_MUTI_UK", "IS_USED_PAIXU", "IS_NEED", "ORDER_SIGN", "CITE", "NUM_LENGTH", "NUM_PRECISION", "REF_VIEW_ID", "ARITH_ID", "ARITH_NAME", "ARITH_METHOD", "ARITH_TYPE", "MAP_COLUMN", "SEQ_VALUE", "EDITABLE", "SEQ_INTERVAL", "SELECTOR", "UNIT") VALUES ('#SEQ_CWM_TAB_COLUMNS-151#', 'C_SB', '设备', '1', NULL, 'C_SB_#SEQ_CWM_TABLES-22#', '#SEQ_CWM_TABLES-22#', 'False', 'False', 'False', 'like', '新增,修改,详细,列表', 'CaseInsensitive', NULL, 'False', 'False', NULL, 'False', NULL, 'String', NULL, '100', '0', 'True', 'False', NULL, NULL, '1', '1', NULL, NULL, NULL, '3', '//@数据类/@children.19/@普通属性.3', NULL, NULL, NULL, NULL, NULL, NULL, NULL, NULL, '1', '0', '1', '{"selectorName":"选择设备","filterValue":"","multiSelect":"true","selectorType":"4"}', NULL)
INSERT INTO "CWM_TAB_COLUMNS" ("ID", "S_NAME", "DISPLAY_NAME", "CATEGORY", "DESCRIPTION", "S_COLUMN_NAME", "TABLE_ID", "IS_WHO_SEARCH", "IS_FOR_SEARCH", "IS_INDEX", "OPERATE_SIGN", "PURPOSE", "CASESENSITIVE", "DEFAULT_VALUE", "IS_NULLABLE", "IS_ONLY", "IS_PK", "IS_AUTOINCREMENT", "RESTRICTION_ID", "TYPE", "SEQUENCE_NAME", "MAX_LENGTH", "MIN_LENGTH", "IS_SHOW", "IS_WRAP", "PROPERTY_PARAGRAPH", "PROPERTY_CATEGORY", "LINAGE", "IS_VALID", "IS_MUTI_UK", "IS_USED_PAIXU", "IS_NEED", "ORDER_SIGN", "CITE", "NUM_LENGTH", "NUM_PRECISION", "REF_VIEW_ID", "ARITH_ID", "ARITH_NAME", "ARITH_METHOD", "ARITH_TYPE", "MAP_COLUMN", "SEQ_VALUE", "EDITABLE", "SEQ_INTERVAL", "SELECTOR", "UNIT") VALUES ('#SEQ_CWM_TAB_COLUMNS-152#', 'C_ZRR', '责任人', '1', NULL, 'C_ZRR_#SEQ_CWM_TABLES-22#', '#SEQ_CWM_TABLES-22#', 'False', 'False', 'False', 'like', '新增,修改,详细,列表', 'CaseInsensitive', NULL, 'False', 'False', NULL, 'False', NULL, 'String', NULL, '100', '0', 'True', 'False', NULL, NULL, '1', '1', NULL, NULL, NULL, '2', '//@数据类/@children.19/@普通属性.2', NULL, NULL, NULL, NULL, NULL, NULL, NULL, NULL, '1', '0', '1', '{"filterType":"1","filterValue":"","multiSelect":"false","selectorType":"1"}', NULL)

INSERT INTO "CWM_RELATION_COLUMNS" ("COLUMN_ID", "RELATIONTYPE", "OWNERSHIP", "IS_FK", "REF_TABLE_ID", "REF_COLUMN_NAME", "TABLE_ID", "SUB_COLUMN_ID", "CATEGORY", "ISLISTDISPLAY", "ID") VALUES ('#SEQ_CWM_TAB_COLUMNS-7#', '3', '4', '1', '#SEQ_CWM_TABLES-1#', '所属设备', '#SEQ_CWM_TABLES-2#', NULL, NULL, 'False', '#SEQ_CWM_RELATION_COLUMNS-1#')
INSERT INTO "CWM_RELATION_COLUMNS" ("COLUMN_ID", "RELATIONTYPE", "OWNERSHIP", "IS_FK", "REF_TABLE_ID", "REF_COLUMN_NAME", "TABLE_ID", "SUB_COLUMN_ID", "CATEGORY", "ISLISTDISPLAY", "ID") VALUES ('#SEQ_CWM_TAB_COLUMNS-4#', '3', '4', '1', '#SEQ_CWM_TABLES-1#', '子设备', '#SEQ_CWM_TABLES-1#', NULL, NULL, 'False', '#SEQ_CWM_RELATION_COLUMNS-2#')
INSERT INTO "CWM_RELATION_COLUMNS" ("COLUMN_ID", "RELATIONTYPE", "OWNERSHIP", "IS_FK", "REF_TABLE_ID", "REF_COLUMN_NAME", "TABLE_ID", "SUB_COLUMN_ID", "CATEGORY", "ISLISTDISPLAY", "ID") VALUES ('#SEQ_CWM_TAB_COLUMNS-24#', '3', '4', '1', '#SEQ_CWM_TABLES-2#', '设备维修记录', '#SEQ_CWM_TABLES-3#', NULL, NULL, 'False', '#SEQ_CWM_RELATION_COLUMNS-3#')
INSERT INTO "CWM_RELATION_COLUMNS" ("COLUMN_ID", "RELATIONTYPE", "OWNERSHIP", "IS_FK", "REF_TABLE_ID", "REF_COLUMN_NAME", "TABLE_ID", "SUB_COLUMN_ID", "CATEGORY", "ISLISTDISPLAY", "ID") VALUES ('#SEQ_CWM_TAB_COLUMNS-29#', '3', '4', '1', '#SEQ_CWM_TABLES-2#', '设备使用记录', '#SEQ_CWM_TABLES-4#', NULL, NULL, 'False', '#SEQ_CWM_RELATION_COLUMNS-4#')
INSERT INTO "CWM_RELATION_COLUMNS" ("COLUMN_ID", "RELATIONTYPE", "OWNERSHIP", "IS_FK", "REF_TABLE_ID", "REF_COLUMN_NAME", "TABLE_ID", "SUB_COLUMN_ID", "CATEGORY", "ISLISTDISPLAY", "ID") VALUES ('#SEQ_CWM_TAB_COLUMNS-52#', '2', '1', '0', '#SEQ_CWM_TABLES-5#', '所属计量设备分类', '#SEQ_CWM_TABLES-6#', NULL, NULL, 'False', '#SEQ_CWM_RELATION_COLUMNS-5#')
INSERT INTO "CWM_RELATION_COLUMNS" ("COLUMN_ID", "RELATIONTYPE", "OWNERSHIP", "IS_FK", "REF_TABLE_ID", "REF_COLUMN_NAME", "TABLE_ID", "SUB_COLUMN_ID", "CATEGORY", "ISLISTDISPLAY", "ID") VALUES ('#SEQ_CWM_TAB_COLUMNS-49#', '2', '1', '0', '#SEQ_CWM_TABLES-6#', '所属计量设备分类', '#SEQ_CWM_TABLES-6#', NULL, NULL, 'False', '#SEQ_CWM_RELATION_COLUMNS-6#')
INSERT INTO "CWM_RELATION_COLUMNS" ("COLUMN_ID", "RELATIONTYPE", "OWNERSHIP", "IS_FK", "REF_TABLE_ID", "REF_COLUMN_NAME", "TABLE_ID", "SUB_COLUMN_ID", "CATEGORY", "ISLISTDISPLAY", "ID") VALUES ('#SEQ_CWM_TAB_COLUMNS-50#', '3', '4', '1', '#SEQ_CWM_TABLES-6#', '子计量设备分类', '#SEQ_CWM_TABLES-6#', NULL, NULL, 'False', '#SEQ_CWM_RELATION_COLUMNS-7#')
INSERT INTO "CWM_RELATION_COLUMNS" ("COLUMN_ID", "RELATIONTYPE", "OWNERSHIP", "IS_FK", "REF_TABLE_ID", "REF_COLUMN_NAME", "TABLE_ID", "SUB_COLUMN_ID", "CATEGORY", "ISLISTDISPLAY", "ID") VALUES ('#SEQ_CWM_TAB_COLUMNS-56#', '3', '4', '1', '#SEQ_CWM_TABLES-5#', '设备计量记录', '#SEQ_CWM_TABLES-7#', NULL, NULL, 'False', '#SEQ_CWM_RELATION_COLUMNS-8#')
INSERT INTO "CWM_RELATION_COLUMNS" ("COLUMN_ID", "RELATIONTYPE", "OWNERSHIP", "IS_FK", "REF_TABLE_ID", "REF_COLUMN_NAME", "TABLE_ID", "SUB_COLUMN_ID", "CATEGORY", "ISLISTDISPLAY", "ID") VALUES ('#SEQ_CWM_TAB_COLUMNS-59#', '3', '4', '1', '#SEQ_CWM_TABLES-8#', '子计量分类', '#SEQ_CWM_TABLES-8#', NULL, NULL, 'False', '#SEQ_CWM_RELATION_COLUMNS-9#')
INSERT INTO "CWM_RELATION_COLUMNS" ("COLUMN_ID", "RELATIONTYPE", "OWNERSHIP", "IS_FK", "REF_TABLE_ID", "REF_COLUMN_NAME", "TABLE_ID", "SUB_COLUMN_ID", "CATEGORY", "ISLISTDISPLAY", "ID") VALUES ('#SEQ_CWM_TAB_COLUMNS-61#', '2', '1', '0', '#SEQ_CWM_TABLES-5#', '所属计量分类', '#SEQ_CWM_TABLES-8#', NULL, NULL, 'False', '#SEQ_CWM_RELATION_COLUMNS-10#')
INSERT INTO "CWM_RELATION_COLUMNS" ("COLUMN_ID", "RELATIONTYPE", "OWNERSHIP", "IS_FK", "REF_TABLE_ID", "REF_COLUMN_NAME", "TABLE_ID", "SUB_COLUMN_ID", "CATEGORY", "ISLISTDISPLAY", "ID") VALUES ('#SEQ_CWM_TAB_COLUMNS-60#', '2', '1', '0', '#SEQ_CWM_TABLES-8#', '所属分类', '#SEQ_CWM_TABLES-8#', NULL, NULL, 'False', '#SEQ_CWM_RELATION_COLUMNS-11#')
INSERT INTO "CWM_RELATION_COLUMNS" ("COLUMN_ID", "RELATIONTYPE", "OWNERSHIP", "IS_FK", "REF_TABLE_ID", "REF_COLUMN_NAME", "TABLE_ID", "SUB_COLUMN_ID", "CATEGORY", "ISLISTDISPLAY", "ID") VALUES ('#SEQ_CWM_TAB_COLUMNS-36#', '3', '4', '1', '#SEQ_CWM_TABLES-9#', '所属计量设备', '#SEQ_CWM_TABLES-5#', NULL, NULL, 'False', '#SEQ_CWM_RELATION_COLUMNS-12#')
INSERT INTO "CWM_RELATION_COLUMNS" ("COLUMN_ID", "RELATIONTYPE", "OWNERSHIP", "IS_FK", "REF_TABLE_ID", "REF_COLUMN_NAME", "TABLE_ID", "SUB_COLUMN_ID", "CATEGORY", "ISLISTDISPLAY", "ID") VALUES ('#SEQ_CWM_TAB_COLUMNS-64#', '3', '4', '1', '#SEQ_CWM_TABLES-9#', '子计量分类', '#SEQ_CWM_TABLES-9#', NULL, NULL, 'False', '#SEQ_CWM_RELATION_COLUMNS-13#')
INSERT INTO "CWM_RELATION_COLUMNS" ("COLUMN_ID", "RELATIONTYPE", "OWNERSHIP", "IS_FK", "REF_TABLE_ID", "REF_COLUMN_NAME", "TABLE_ID", "SUB_COLUMN_ID", "CATEGORY", "ISLISTDISPLAY", "ID") VALUES ('#SEQ_CWM_TAB_COLUMNS-69#', '3', '4', '1', '#SEQ_CWM_TABLES-10#', '子人员分类', '#SEQ_CWM_TABLES-10#', NULL, NULL, 'False', '#SEQ_CWM_RELATION_COLUMNS-14#')
INSERT INTO "CWM_RELATION_COLUMNS" ("COLUMN_ID", "RELATIONTYPE", "OWNERSHIP", "IS_FK", "REF_TABLE_ID", "REF_COLUMN_NAME", "TABLE_ID", "SUB_COLUMN_ID", "CATEGORY", "ISLISTDISPLAY", "ID") VALUES ('#SEQ_CWM_TAB_COLUMNS-76#', '3', '4', '1', '#SEQ_CWM_TABLES-10#', '所属试验人员', '#SEQ_CWM_TABLES-11#', NULL, NULL, 'False', '#SEQ_CWM_RELATION_COLUMNS-15#')
INSERT INTO "CWM_RELATION_COLUMNS" ("COLUMN_ID", "RELATIONTYPE", "OWNERSHIP", "IS_FK", "REF_TABLE_ID", "REF_COLUMN_NAME", "TABLE_ID", "SUB_COLUMN_ID", "CATEGORY", "ISLISTDISPLAY", "ID") VALUES ('#SEQ_CWM_TAB_COLUMNS-87#', '3', '4', '1', '#SEQ_CWM_TABLES-12#', '子试验团队', '#SEQ_CWM_TABLES-12#', NULL, NULL, 'False', '#SEQ_CWM_RELATION_COLUMNS-16#')
INSERT INTO "CWM_RELATION_COLUMNS" ("COLUMN_ID", "RELATIONTYPE", "OWNERSHIP", "IS_FK", "REF_TABLE_ID", "REF_COLUMN_NAME", "TABLE_ID", "SUB_COLUMN_ID", "CATEGORY", "ISLISTDISPLAY", "ID") VALUES ('#SEQ_CWM_TAB_COLUMNS-91#', '3', '4', '1', '#SEQ_CWM_TABLES-11#', '团队人员', '#SEQ_CWM_TABLES-13#', NULL, NULL, 'False', '#SEQ_CWM_RELATION_COLUMNS-17#')
INSERT INTO "CWM_RELATION_COLUMNS" ("COLUMN_ID", "RELATIONTYPE", "OWNERSHIP", "IS_FK", "REF_TABLE_ID", "REF_COLUMN_NAME", "TABLE_ID", "SUB_COLUMN_ID", "CATEGORY", "ISLISTDISPLAY", "ID") VALUES ('#SEQ_CWM_TAB_COLUMNS-93#', '3', '4', '1', '#SEQ_CWM_TABLES-12#', '团队人员', '#SEQ_CWM_TABLES-13#', NULL, NULL, 'False', '#SEQ_CWM_RELATION_COLUMNS-18#')
INSERT INTO "CWM_RELATION_COLUMNS" ("COLUMN_ID", "RELATIONTYPE", "OWNERSHIP", "IS_FK", "REF_TABLE_ID", "REF_COLUMN_NAME", "TABLE_ID", "SUB_COLUMN_ID", "CATEGORY", "ISLISTDISPLAY", "ID") VALUES ('#SEQ_CWM_TAB_COLUMNS-98#', '3', '4', '1', '#SEQ_CWM_TABLES-14#', '子试验件分类', '#SEQ_CWM_TABLES-14#', NULL, NULL, 'False', '#SEQ_CWM_RELATION_COLUMNS-19#')
INSERT INTO "CWM_RELATION_COLUMNS" ("COLUMN_ID", "RELATIONTYPE", "OWNERSHIP", "IS_FK", "REF_TABLE_ID", "REF_COLUMN_NAME", "TABLE_ID", "SUB_COLUMN_ID", "CATEGORY", "ISLISTDISPLAY", "ID") VALUES ('#SEQ_CWM_TAB_COLUMNS-103#', '3', '4', '1', '#SEQ_CWM_TABLES-14#', '所属试验件', '#SEQ_CWM_TABLES-15#', NULL, NULL, 'False', '#SEQ_CWM_RELATION_COLUMNS-20#')
INSERT INTO "CWM_RELATION_COLUMNS" ("COLUMN_ID", "RELATIONTYPE", "OWNERSHIP", "IS_FK", "REF_TABLE_ID", "REF_COLUMN_NAME", "TABLE_ID", "SUB_COLUMN_ID", "CATEGORY", "ISLISTDISPLAY", "ID") VALUES ('#SEQ_CWM_TAB_COLUMNS-114#', '3', '4', '1', '#SEQ_CWM_TABLES-16#', '子样品分类', '#SEQ_CWM_TABLES-16#', NULL, NULL, 'False', '#SEQ_CWM_RELATION_COLUMNS-21#')
INSERT INTO "CWM_RELATION_COLUMNS" ("COLUMN_ID", "RELATIONTYPE", "OWNERSHIP", "IS_FK", "REF_TABLE_ID", "REF_COLUMN_NAME", "TABLE_ID", "SUB_COLUMN_ID", "CATEGORY", "ISLISTDISPLAY", "ID") VALUES ('#SEQ_CWM_TAB_COLUMNS-115#', '3', '4', '1', '#SEQ_CWM_TABLES-16#', '所属试验样品', '#SEQ_CWM_TABLES-17#', NULL, NULL, 'False', '#SEQ_CWM_RELATION_COLUMNS-22#')
INSERT INTO "CWM_RELATION_COLUMNS" ("COLUMN_ID", "RELATIONTYPE", "OWNERSHIP", "IS_FK", "REF_TABLE_ID", "REF_COLUMN_NAME", "TABLE_ID", "SUB_COLUMN_ID", "CATEGORY", "ISLISTDISPLAY", "ID") VALUES ('#SEQ_CWM_TAB_COLUMNS-128#', '3', '4', '1', '#SEQ_CWM_TABLES-18#', '子环境分类', '#SEQ_CWM_TABLES-18#', NULL, NULL, 'False', '#SEQ_CWM_RELATION_COLUMNS-23#')
INSERT INTO "CWM_RELATION_COLUMNS" ("COLUMN_ID", "RELATIONTYPE", "OWNERSHIP", "IS_FK", "REF_TABLE_ID", "REF_COLUMN_NAME", "TABLE_ID", "SUB_COLUMN_ID", "CATEGORY", "ISLISTDISPLAY", "ID") VALUES ('#SEQ_CWM_TAB_COLUMNS-130#', '3', '4', '1', '#SEQ_CWM_TABLES-18#', '所属试验环境', '#SEQ_CWM_TABLES-19#', NULL, NULL, 'False', '#SEQ_CWM_RELATION_COLUMNS-24#')
INSERT INTO "CWM_RELATION_COLUMNS" ("COLUMN_ID", "RELATIONTYPE", "OWNERSHIP", "IS_FK", "REF_TABLE_ID", "REF_COLUMN_NAME", "TABLE_ID", "SUB_COLUMN_ID", "CATEGORY", "ISLISTDISPLAY", "ID") VALUES ('#SEQ_CWM_TAB_COLUMNS-137#', '3', '4', '1', '#SEQ_CWM_TABLES-20#', '子设备标签', '#SEQ_CWM_TABLES-20#', NULL, NULL, 'False', '#SEQ_CWM_RELATION_COLUMNS-25#')
INSERT INTO "CWM_RELATION_COLUMNS" ("COLUMN_ID", "RELATIONTYPE", "OWNERSHIP", "IS_FK", "REF_TABLE_ID", "REF_COLUMN_NAME", "TABLE_ID", "SUB_COLUMN_ID", "CATEGORY", "ISLISTDISPLAY", "ID") VALUES ('#SEQ_CWM_TAB_COLUMNS-143#', '3', '4', '1', '#SEQ_CWM_TABLES-2#', '设备故障记录', '#SEQ_CWM_TABLES-21#', NULL, NULL, 'False', '#SEQ_CWM_RELATION_COLUMNS-26#')
INSERT INTO "CWM_RELATION_COLUMNS" ("COLUMN_ID", "RELATIONTYPE", "OWNERSHIP", "IS_FK", "REF_TABLE_ID", "REF_COLUMN_NAME", "TABLE_ID", "SUB_COLUMN_ID", "CATEGORY", "ISLISTDISPLAY", "ID") VALUES ('#SEQ_CWM_TAB_COLUMNS-12#', '2', '1', '0', '#SEQ_CWM_TABLES-3#', '设备', '#SEQ_CWM_TABLES-2#', NULL, NULL, 'False', '#SEQ_CWM_RELATION_COLUMNS-27#')
INSERT INTO "CWM_RELATION_COLUMNS" ("COLUMN_ID", "RELATIONTYPE", "OWNERSHIP", "IS_FK", "REF_TABLE_ID", "REF_COLUMN_NAME", "TABLE_ID", "SUB_COLUMN_ID", "CATEGORY", "ISLISTDISPLAY", "ID") VALUES ('#SEQ_CWM_TAB_COLUMNS-11#', '2', '1', '0', '#SEQ_CWM_TABLES-21#', '设备', '#SEQ_CWM_TABLES-2#', NULL, NULL, 'False', '#SEQ_CWM_RELATION_COLUMNS-28#')
INSERT INTO "CWM_RELATION_COLUMNS" ("COLUMN_ID", "RELATIONTYPE", "OWNERSHIP", "IS_FK", "REF_TABLE_ID", "REF_COLUMN_NAME", "TABLE_ID", "SUB_COLUMN_ID", "CATEGORY", "ISLISTDISPLAY", "ID") VALUES ('#SEQ_CWM_TAB_COLUMNS-10#', '2', '1', '0', '#SEQ_CWM_TABLES-4#', '设备', '#SEQ_CWM_TABLES-2#', NULL, NULL, 'False', '#SEQ_CWM_RELATION_COLUMNS-29#')
INSERT INTO "CWM_RELATION_COLUMNS" ("COLUMN_ID", "RELATIONTYPE", "OWNERSHIP", "IS_FK", "REF_TABLE_ID", "REF_COLUMN_NAME", "TABLE_ID", "SUB_COLUMN_ID", "CATEGORY", "ISLISTDISPLAY", "ID") VALUES ('#SEQ_CWM_TAB_COLUMNS-86#', '2', '1', '0', '#SEQ_CWM_TABLES-12#', '所属试验团队', '#SEQ_CWM_TABLES-12#', NULL, NULL, 'False', '#SEQ_CWM_RELATION_COLUMNS-30#')
INSERT INTO "CWM_RELATION_COLUMNS" ("COLUMN_ID", "RELATIONTYPE", "OWNERSHIP", "IS_FK", "REF_TABLE_ID", "REF_COLUMN_NAME", "TABLE_ID", "SUB_COLUMN_ID", "CATEGORY", "ISLISTDISPLAY", "ID") VALUES ('#SEQ_CWM_TAB_COLUMNS-89#', '2', '1', '0', '#SEQ_CWM_TABLES-13#', '试验团队', '#SEQ_CWM_TABLES-12#', NULL, NULL, 'False', '#SEQ_CWM_RELATION_COLUMNS-31#')
INSERT INTO "CWM_RELATION_COLUMNS" ("COLUMN_ID", "RELATIONTYPE", "OWNERSHIP", "IS_FK", "REF_TABLE_ID", "REF_COLUMN_NAME", "TABLE_ID", "SUB_COLUMN_ID", "CATEGORY", "ISLISTDISPLAY", "ID") VALUES ('#SEQ_CWM_TAB_COLUMNS-112#', '2', '1', '0', '#SEQ_CWM_TABLES-17#', '样品分类', '#SEQ_CWM_TABLES-16#', NULL, NULL, 'False', '#SEQ_CWM_RELATION_COLUMNS-32#')
INSERT INTO "CWM_RELATION_COLUMNS" ("COLUMN_ID", "RELATIONTYPE", "OWNERSHIP", "IS_FK", "REF_TABLE_ID", "REF_COLUMN_NAME", "TABLE_ID", "SUB_COLUMN_ID", "CATEGORY", "ISLISTDISPLAY", "ID") VALUES ('#SEQ_CWM_TAB_COLUMNS-111#', '2', '1', '0', '#SEQ_CWM_TABLES-16#', '所属分类', '#SEQ_CWM_TABLES-16#', NULL, NULL, 'False', '#SEQ_CWM_RELATION_COLUMNS-33#')
INSERT INTO "CWM_RELATION_COLUMNS" ("COLUMN_ID", "RELATIONTYPE", "OWNERSHIP", "IS_FK", "REF_TABLE_ID", "REF_COLUMN_NAME", "TABLE_ID", "SUB_COLUMN_ID", "CATEGORY", "ISLISTDISPLAY", "ID") VALUES ('#SEQ_CWM_TAB_COLUMNS-5#', '2', '1', '0', '#SEQ_CWM_TABLES-2#', '设备分类', '#SEQ_CWM_TABLES-1#', NULL, NULL, 'False', '#SEQ_CWM_RELATION_COLUMNS-34#')
INSERT INTO "CWM_RELATION_COLUMNS" ("COLUMN_ID", "RELATIONTYPE", "OWNERSHIP", "IS_FK", "REF_TABLE_ID", "REF_COLUMN_NAME", "TABLE_ID", "SUB_COLUMN_ID", "CATEGORY", "ISLISTDISPLAY", "ID") VALUES ('#SEQ_CWM_TAB_COLUMNS-2#', '2', '1', '0', '#SEQ_CWM_TABLES-1#', '所属分类', '#SEQ_CWM_TABLES-1#', NULL, NULL, 'False', '#SEQ_CWM_RELATION_COLUMNS-35#')
INSERT INTO "CWM_RELATION_COLUMNS" ("COLUMN_ID", "RELATIONTYPE", "OWNERSHIP", "IS_FK", "REF_TABLE_ID", "REF_COLUMN_NAME", "TABLE_ID", "SUB_COLUMN_ID", "CATEGORY", "ISLISTDISPLAY", "ID") VALUES ('#SEQ_CWM_TAB_COLUMNS-70#', '2', '1', '0', '#SEQ_CWM_TABLES-11#', '人员分类', '#SEQ_CWM_TABLES-10#', NULL, NULL, 'False', '#SEQ_CWM_RELATION_COLUMNS-36#')
INSERT INTO "CWM_RELATION_COLUMNS" ("COLUMN_ID", "RELATIONTYPE", "OWNERSHIP", "IS_FK", "REF_TABLE_ID", "REF_COLUMN_NAME", "TABLE_ID", "SUB_COLUMN_ID", "CATEGORY", "ISLISTDISPLAY", "ID") VALUES ('#SEQ_CWM_TAB_COLUMNS-71#', '2', '1', '0', '#SEQ_CWM_TABLES-10#', '所属人员分类', '#SEQ_CWM_TABLES-10#', NULL, NULL, 'False', '#SEQ_CWM_RELATION_COLUMNS-37#')
INSERT INTO "CWM_RELATION_COLUMNS" ("COLUMN_ID", "RELATIONTYPE", "OWNERSHIP", "IS_FK", "REF_TABLE_ID", "REF_COLUMN_NAME", "TABLE_ID", "SUB_COLUMN_ID", "CATEGORY", "ISLISTDISPLAY", "ID") VALUES ('#SEQ_CWM_TAB_COLUMNS-136#', '2', '1', '0', '#SEQ_CWM_TABLES-20#', '设备标签', '#SEQ_CWM_TABLES-20#', NULL, NULL, 'False', '#SEQ_CWM_RELATION_COLUMNS-38#')
INSERT INTO "CWM_RELATION_COLUMNS" ("COLUMN_ID", "RELATIONTYPE", "OWNERSHIP", "IS_FK", "REF_TABLE_ID", "REF_COLUMN_NAME", "TABLE_ID", "SUB_COLUMN_ID", "CATEGORY", "ISLISTDISPLAY", "ID") VALUES ('#SEQ_CWM_TAB_COLUMNS-126#', '2', '1', '0', '#SEQ_CWM_TABLES-18#', '所属环境分类', '#SEQ_CWM_TABLES-18#', NULL, NULL, 'False', '#SEQ_CWM_RELATION_COLUMNS-39#')
INSERT INTO "CWM_RELATION_COLUMNS" ("COLUMN_ID", "RELATIONTYPE", "OWNERSHIP", "IS_FK", "REF_TABLE_ID", "REF_COLUMN_NAME", "TABLE_ID", "SUB_COLUMN_ID", "CATEGORY", "ISLISTDISPLAY", "ID") VALUES ('#SEQ_CWM_TAB_COLUMNS-127#', '2', '1', '0', '#SEQ_CWM_TABLES-19#', '环境分类', '#SEQ_CWM_TABLES-18#', NULL, NULL, 'False', '#SEQ_CWM_RELATION_COLUMNS-40#')
INSERT INTO "CWM_RELATION_COLUMNS" ("COLUMN_ID", "RELATIONTYPE", "OWNERSHIP", "IS_FK", "REF_TABLE_ID", "REF_COLUMN_NAME", "TABLE_ID", "SUB_COLUMN_ID", "CATEGORY", "ISLISTDISPLAY", "ID") VALUES ('#SEQ_CWM_TAB_COLUMNS-32#', '2', '1', '0', '#SEQ_CWM_TABLES-7#', '计量设备', '#SEQ_CWM_TABLES-5#', NULL, NULL, 'False', '#SEQ_CWM_RELATION_COLUMNS-41#')
INSERT INTO "CWM_RELATION_COLUMNS" ("COLUMN_ID", "RELATIONTYPE", "OWNERSHIP", "IS_FK", "REF_TABLE_ID", "REF_COLUMN_NAME", "TABLE_ID", "SUB_COLUMN_ID", "CATEGORY", "ISLISTDISPLAY", "ID") VALUES ('#SEQ_CWM_TAB_COLUMNS-66#', '2', '1', '0', '#SEQ_CWM_TABLES-9#', '所属计量分类', '#SEQ_CWM_TABLES-9#', NULL, NULL, 'False', '#SEQ_CWM_RELATION_COLUMNS-42#')
INSERT INTO "CWM_RELATION_COLUMNS" ("COLUMN_ID", "RELATIONTYPE", "OWNERSHIP", "IS_FK", "REF_TABLE_ID", "REF_COLUMN_NAME", "TABLE_ID", "SUB_COLUMN_ID", "CATEGORY", "ISLISTDISPLAY", "ID") VALUES ('#SEQ_CWM_TAB_COLUMNS-67#', '2', '1', '0', '#SEQ_CWM_TABLES-5#', '计量分类', '#SEQ_CWM_TABLES-9#', NULL, NULL, 'False', '#SEQ_CWM_RELATION_COLUMNS-43#')
INSERT INTO "CWM_RELATION_COLUMNS" ("COLUMN_ID", "RELATIONTYPE", "OWNERSHIP", "IS_FK", "REF_TABLE_ID", "REF_COLUMN_NAME", "TABLE_ID", "SUB_COLUMN_ID", "CATEGORY", "ISLISTDISPLAY", "ID") VALUES ('#SEQ_CWM_TAB_COLUMNS-97#', '2', '1', '0', '#SEQ_CWM_TABLES-15#', '试验件分类', '#SEQ_CWM_TABLES-14#', NULL, NULL, 'False', '#SEQ_CWM_RELATION_COLUMNS-44#')
INSERT INTO "CWM_RELATION_COLUMNS" ("COLUMN_ID", "RELATIONTYPE", "OWNERSHIP", "IS_FK", "REF_TABLE_ID", "REF_COLUMN_NAME", "TABLE_ID", "SUB_COLUMN_ID", "CATEGORY", "ISLISTDISPLAY", "ID") VALUES ('#SEQ_CWM_TAB_COLUMNS-96#', '2', '1', '0', '#SEQ_CWM_TABLES-14#', '所属分类', '#SEQ_CWM_TABLES-14#', NULL, NULL, 'False', '#SEQ_CWM_RELATION_COLUMNS-45#')
INSERT INTO "CWM_RELATION_COLUMNS" ("COLUMN_ID", "RELATIONTYPE", "OWNERSHIP", "IS_FK", "REF_TABLE_ID", "REF_COLUMN_NAME", "TABLE_ID", "SUB_COLUMN_ID", "CATEGORY", "ISLISTDISPLAY", "ID") VALUES ('#SEQ_CWM_TAB_COLUMNS-83#', '2', '1', '0', '#SEQ_CWM_TABLES-13#', '试验人员', '#SEQ_CWM_TABLES-11#', NULL, NULL, 'False', '#SEQ_CWM_RELATION_COLUMNS-46#')

INSERT INTO "CWM_TABLE_COLUMN" ("ID", "TABLE_ID", "COLUMN_ID", "TYPE", "ORDER_SIGN") VALUES ('#SEQ_CWM_TABLE_COLUMN-1#', '#SEQ_CWM_TABLES-1#', '#SEQ_CWM_TAB_COLUMNS-1#', '0', '0')
INSERT INTO "CWM_TABLE_COLUMN" ("ID", "TABLE_ID", "COLUMN_ID", "TYPE", "ORDER_SIGN") VALUES ('#SEQ_CWM_TABLE_COLUMN-2#', '#SEQ_CWM_TABLES-1#', '#SEQ_CWM_TAB_COLUMNS-4#', '3', '2')
INSERT INTO "CWM_TABLE_COLUMN" ("ID", "TABLE_ID", "COLUMN_ID", "TYPE", "ORDER_SIGN") VALUES ('#SEQ_CWM_TABLE_COLUMN-3#', '#SEQ_CWM_TABLES-1#', '#SEQ_CWM_TAB_COLUMNS-3#', '3', '1')
INSERT INTO "CWM_TABLE_COLUMN" ("ID", "TABLE_ID", "COLUMN_ID", "TYPE", "ORDER_SIGN") VALUES ('#SEQ_CWM_TABLE_COLUMN-4#', '#SEQ_CWM_TABLES-1#', '#SEQ_CWM_TAB_COLUMNS-1#', '3', '0')
INSERT INTO "CWM_TABLE_COLUMN" ("ID", "TABLE_ID", "COLUMN_ID", "TYPE", "ORDER_SIGN") VALUES ('#SEQ_CWM_TABLE_COLUMN-5#', '#SEQ_CWM_TABLES-2#', '#SEQ_CWM_TAB_COLUMNS-17#', '0', '0')
INSERT INTO "CWM_TABLE_COLUMN" ("ID", "TABLE_ID", "COLUMN_ID", "TYPE", "ORDER_SIGN") VALUES ('#SEQ_CWM_TABLE_COLUMN-6#', '#SEQ_CWM_TABLES-2#', '#SEQ_CWM_TAB_COLUMNS-16#', '3', '2')
INSERT INTO "CWM_TABLE_COLUMN" ("ID", "TABLE_ID", "COLUMN_ID", "TYPE", "ORDER_SIGN") VALUES ('#SEQ_CWM_TABLE_COLUMN-7#', '#SEQ_CWM_TABLES-2#', '#SEQ_CWM_TAB_COLUMNS-13#', '3', '3')
INSERT INTO "CWM_TABLE_COLUMN" ("ID", "TABLE_ID", "COLUMN_ID", "TYPE", "ORDER_SIGN") VALUES ('#SEQ_CWM_TABLE_COLUMN-8#', '#SEQ_CWM_TABLES-2#', '#SEQ_CWM_TAB_COLUMNS-6#', '3', '1')
INSERT INTO "CWM_TABLE_COLUMN" ("ID", "TABLE_ID", "COLUMN_ID", "TYPE", "ORDER_SIGN") VALUES ('#SEQ_CWM_TABLE_COLUMN-9#', '#SEQ_CWM_TABLES-2#', '#SEQ_CWM_TAB_COLUMNS-17#', '3', '0')
INSERT INTO "CWM_TABLE_COLUMN" ("ID", "TABLE_ID", "COLUMN_ID", "TYPE", "ORDER_SIGN") VALUES ('#SEQ_CWM_TABLE_COLUMN-10#', '#SEQ_CWM_TABLES-2#', '#SEQ_CWM_TAB_COLUMNS-18#', '3', '4')
INSERT INTO "CWM_TABLE_COLUMN" ("ID", "TABLE_ID", "COLUMN_ID", "TYPE", "ORDER_SIGN") VALUES ('#SEQ_CWM_TABLE_COLUMN-11#', '#SEQ_CWM_TABLES-2#', '#SEQ_CWM_TAB_COLUMNS-15#', '3', '6')
INSERT INTO "CWM_TABLE_COLUMN" ("ID", "TABLE_ID", "COLUMN_ID", "TYPE", "ORDER_SIGN") VALUES ('#SEQ_CWM_TABLE_COLUMN-12#', '#SEQ_CWM_TABLES-2#', '#SEQ_CWM_TAB_COLUMNS-9#', '3', '9')
INSERT INTO "CWM_TABLE_COLUMN" ("ID", "TABLE_ID", "COLUMN_ID", "TYPE", "ORDER_SIGN") VALUES ('#SEQ_CWM_TABLE_COLUMN-13#', '#SEQ_CWM_TABLES-2#', '#SEQ_CWM_TAB_COLUMNS-8#', '3', '8')
INSERT INTO "CWM_TABLE_COLUMN" ("ID", "TABLE_ID", "COLUMN_ID", "TYPE", "ORDER_SIGN") VALUES ('#SEQ_CWM_TABLE_COLUMN-14#', '#SEQ_CWM_TABLES-2#', '#SEQ_CWM_TAB_COLUMNS-7#', '3', '7')
INSERT INTO "CWM_TABLE_COLUMN" ("ID", "TABLE_ID", "COLUMN_ID", "TYPE", "ORDER_SIGN") VALUES ('#SEQ_CWM_TABLE_COLUMN-15#', '#SEQ_CWM_TABLES-2#', '#SEQ_CWM_TAB_COLUMNS-14#', '3', '5')
INSERT INTO "CWM_TABLE_COLUMN" ("ID", "TABLE_ID", "COLUMN_ID", "TYPE", "ORDER_SIGN") VALUES ('#SEQ_CWM_TABLE_COLUMN-16#', '#SEQ_CWM_TABLES-3#', '#SEQ_CWM_TAB_COLUMNS-22#', '0', '0')
INSERT INTO "CWM_TABLE_COLUMN" ("ID", "TABLE_ID", "COLUMN_ID", "TYPE", "ORDER_SIGN") VALUES ('#SEQ_CWM_TABLE_COLUMN-17#', '#SEQ_CWM_TABLES-3#', '#SEQ_CWM_TAB_COLUMNS-23#', '3', '4')
INSERT INTO "CWM_TABLE_COLUMN" ("ID", "TABLE_ID", "COLUMN_ID", "TYPE", "ORDER_SIGN") VALUES ('#SEQ_CWM_TABLE_COLUMN-18#', '#SEQ_CWM_TABLES-3#', '#SEQ_CWM_TAB_COLUMNS-21#', '3', '5')
INSERT INTO "CWM_TABLE_COLUMN" ("ID", "TABLE_ID", "COLUMN_ID", "TYPE", "ORDER_SIGN") VALUES ('#SEQ_CWM_TABLE_COLUMN-19#', '#SEQ_CWM_TABLES-3#', '#SEQ_CWM_TAB_COLUMNS-20#', '3', '3')
INSERT INTO "CWM_TABLE_COLUMN" ("ID", "TABLE_ID", "COLUMN_ID", "TYPE", "ORDER_SIGN") VALUES ('#SEQ_CWM_TABLE_COLUMN-20#', '#SEQ_CWM_TABLES-3#', '#SEQ_CWM_TAB_COLUMNS-24#', '3', '0')
INSERT INTO "CWM_TABLE_COLUMN" ("ID", "TABLE_ID", "COLUMN_ID", "TYPE", "ORDER_SIGN") VALUES ('#SEQ_CWM_TABLE_COLUMN-21#', '#SEQ_CWM_TABLES-3#', '#SEQ_CWM_TAB_COLUMNS-22#', '3', '1')
INSERT INTO "CWM_TABLE_COLUMN" ("ID", "TABLE_ID", "COLUMN_ID", "TYPE", "ORDER_SIGN") VALUES ('#SEQ_CWM_TABLE_COLUMN-22#', '#SEQ_CWM_TABLES-3#', '#SEQ_CWM_TAB_COLUMNS-19#', '3', '2')
INSERT INTO "CWM_TABLE_COLUMN" ("ID", "TABLE_ID", "COLUMN_ID", "TYPE", "ORDER_SIGN") VALUES ('#SEQ_CWM_TABLE_COLUMN-23#', '#SEQ_CWM_TABLES-4#', '#SEQ_CWM_TAB_COLUMNS-27#', '0', '0')
INSERT INTO "CWM_TABLE_COLUMN" ("ID", "TABLE_ID", "COLUMN_ID", "TYPE", "ORDER_SIGN") VALUES ('#SEQ_CWM_TABLE_COLUMN-24#', '#SEQ_CWM_TABLES-4#', '#SEQ_CWM_TAB_COLUMNS-28#', '3', '3')
INSERT INTO "CWM_TABLE_COLUMN" ("ID", "TABLE_ID", "COLUMN_ID", "TYPE", "ORDER_SIGN") VALUES ('#SEQ_CWM_TABLE_COLUMN-25#', '#SEQ_CWM_TABLES-4#', '#SEQ_CWM_TAB_COLUMNS-25#', '3', '4')
INSERT INTO "CWM_TABLE_COLUMN" ("ID", "TABLE_ID", "COLUMN_ID", "TYPE", "ORDER_SIGN") VALUES ('#SEQ_CWM_TABLE_COLUMN-26#', '#SEQ_CWM_TABLES-4#', '#SEQ_CWM_TAB_COLUMNS-26#', '3', '2')
INSERT INTO "CWM_TABLE_COLUMN" ("ID", "TABLE_ID", "COLUMN_ID", "TYPE", "ORDER_SIGN") VALUES ('#SEQ_CWM_TABLE_COLUMN-27#', '#SEQ_CWM_TABLES-4#', '#SEQ_CWM_TAB_COLUMNS-29#', '3', '0')
INSERT INTO "CWM_TABLE_COLUMN" ("ID", "TABLE_ID", "COLUMN_ID", "TYPE", "ORDER_SIGN") VALUES ('#SEQ_CWM_TABLE_COLUMN-28#', '#SEQ_CWM_TABLES-4#', '#SEQ_CWM_TAB_COLUMNS-27#', '3', '1')
INSERT INTO "CWM_TABLE_COLUMN" ("ID", "TABLE_ID", "COLUMN_ID", "TYPE", "ORDER_SIGN") VALUES ('#SEQ_CWM_TABLE_COLUMN-29#', '#SEQ_CWM_TABLES-5#', '#SEQ_CWM_TAB_COLUMNS-33#', '0', '0')
INSERT INTO "CWM_TABLE_COLUMN" ("ID", "TABLE_ID", "COLUMN_ID", "TYPE", "ORDER_SIGN") VALUES ('#SEQ_CWM_TABLE_COLUMN-30#', '#SEQ_CWM_TABLES-5#', '#SEQ_CWM_TAB_COLUMNS-40#', '3', '1')
INSERT INTO "CWM_TABLE_COLUMN" ("ID", "TABLE_ID", "COLUMN_ID", "TYPE", "ORDER_SIGN") VALUES ('#SEQ_CWM_TABLE_COLUMN-31#', '#SEQ_CWM_TABLES-5#', '#SEQ_CWM_TAB_COLUMNS-44#', '3', '3')
INSERT INTO "CWM_TABLE_COLUMN" ("ID", "TABLE_ID", "COLUMN_ID", "TYPE", "ORDER_SIGN") VALUES ('#SEQ_CWM_TABLE_COLUMN-32#', '#SEQ_CWM_TABLES-5#', '#SEQ_CWM_TAB_COLUMNS-34#', '3', '5')
INSERT INTO "CWM_TABLE_COLUMN" ("ID", "TABLE_ID", "COLUMN_ID", "TYPE", "ORDER_SIGN") VALUES ('#SEQ_CWM_TABLE_COLUMN-33#', '#SEQ_CWM_TABLES-5#', '#SEQ_CWM_TAB_COLUMNS-35#', '3', '7')
INSERT INTO "CWM_TABLE_COLUMN" ("ID", "TABLE_ID", "COLUMN_ID", "TYPE", "ORDER_SIGN") VALUES ('#SEQ_CWM_TABLE_COLUMN-34#', '#SEQ_CWM_TABLES-5#', '#SEQ_CWM_TAB_COLUMNS-41#', '3', '9')
INSERT INTO "CWM_TABLE_COLUMN" ("ID", "TABLE_ID", "COLUMN_ID", "TYPE", "ORDER_SIGN") VALUES ('#SEQ_CWM_TABLE_COLUMN-35#', '#SEQ_CWM_TABLES-5#', '#SEQ_CWM_TAB_COLUMNS-38#', '3', '11')
INSERT INTO "CWM_TABLE_COLUMN" ("ID", "TABLE_ID", "COLUMN_ID", "TYPE", "ORDER_SIGN") VALUES ('#SEQ_CWM_TABLE_COLUMN-36#', '#SEQ_CWM_TABLES-5#', '#SEQ_CWM_TAB_COLUMNS-31#', '3', '16')
INSERT INTO "CWM_TABLE_COLUMN" ("ID", "TABLE_ID", "COLUMN_ID", "TYPE", "ORDER_SIGN") VALUES ('#SEQ_CWM_TABLE_COLUMN-37#', '#SEQ_CWM_TABLES-5#', '#SEQ_CWM_TAB_COLUMNS-36#', '3', '15')
INSERT INTO "CWM_TABLE_COLUMN" ("ID", "TABLE_ID", "COLUMN_ID", "TYPE", "ORDER_SIGN") VALUES ('#SEQ_CWM_TABLE_COLUMN-38#', '#SEQ_CWM_TABLES-5#', '#SEQ_CWM_TAB_COLUMNS-43#', '3', '14')
INSERT INTO "CWM_TABLE_COLUMN" ("ID", "TABLE_ID", "COLUMN_ID", "TYPE", "ORDER_SIGN") VALUES ('#SEQ_CWM_TABLE_COLUMN-39#', '#SEQ_CWM_TABLES-5#', '#SEQ_CWM_TAB_COLUMNS-46#', '3', '13')
INSERT INTO "CWM_TABLE_COLUMN" ("ID", "TABLE_ID", "COLUMN_ID", "TYPE", "ORDER_SIGN") VALUES ('#SEQ_CWM_TABLE_COLUMN-40#', '#SEQ_CWM_TABLES-5#', '#SEQ_CWM_TAB_COLUMNS-45#', '3', '12')
INSERT INTO "CWM_TABLE_COLUMN" ("ID", "TABLE_ID", "COLUMN_ID", "TYPE", "ORDER_SIGN") VALUES ('#SEQ_CWM_TABLE_COLUMN-41#', '#SEQ_CWM_TABLES-5#', '#SEQ_CWM_TAB_COLUMNS-47#', '3', '10')
INSERT INTO "CWM_TABLE_COLUMN" ("ID", "TABLE_ID", "COLUMN_ID", "TYPE", "ORDER_SIGN") VALUES ('#SEQ_CWM_TABLE_COLUMN-42#', '#SEQ_CWM_TABLES-5#', '#SEQ_CWM_TAB_COLUMNS-30#', '3', '8')
INSERT INTO "CWM_TABLE_COLUMN" ("ID", "TABLE_ID", "COLUMN_ID", "TYPE", "ORDER_SIGN") VALUES ('#SEQ_CWM_TABLE_COLUMN-43#', '#SEQ_CWM_TABLES-5#', '#SEQ_CWM_TAB_COLUMNS-37#', '3', '6')
INSERT INTO "CWM_TABLE_COLUMN" ("ID", "TABLE_ID", "COLUMN_ID", "TYPE", "ORDER_SIGN") VALUES ('#SEQ_CWM_TABLE_COLUMN-44#', '#SEQ_CWM_TABLES-5#', '#SEQ_CWM_TAB_COLUMNS-42#', '3', '4')
INSERT INTO "CWM_TABLE_COLUMN" ("ID", "TABLE_ID", "COLUMN_ID", "TYPE", "ORDER_SIGN") VALUES ('#SEQ_CWM_TABLE_COLUMN-45#', '#SEQ_CWM_TABLES-5#', '#SEQ_CWM_TAB_COLUMNS-33#', '3', '2')
INSERT INTO "CWM_TABLE_COLUMN" ("ID", "TABLE_ID", "COLUMN_ID", "TYPE", "ORDER_SIGN") VALUES ('#SEQ_CWM_TABLE_COLUMN-46#', '#SEQ_CWM_TABLES-5#', '#SEQ_CWM_TAB_COLUMNS-39#', '3', '0')
INSERT INTO "CWM_TABLE_COLUMN" ("ID", "TABLE_ID", "COLUMN_ID", "TYPE", "ORDER_SIGN") VALUES ('#SEQ_CWM_TABLE_COLUMN-47#', '#SEQ_CWM_TABLES-6#', '#SEQ_CWM_TAB_COLUMNS-48#', '0', '0')
INSERT INTO "CWM_TABLE_COLUMN" ("ID", "TABLE_ID", "COLUMN_ID", "TYPE", "ORDER_SIGN") VALUES ('#SEQ_CWM_TABLE_COLUMN-48#', '#SEQ_CWM_TABLES-6#', '#SEQ_CWM_TAB_COLUMNS-50#', '3', '2')
INSERT INTO "CWM_TABLE_COLUMN" ("ID", "TABLE_ID", "COLUMN_ID", "TYPE", "ORDER_SIGN") VALUES ('#SEQ_CWM_TABLE_COLUMN-49#', '#SEQ_CWM_TABLES-6#', '#SEQ_CWM_TAB_COLUMNS-48#', '3', '0')
INSERT INTO "CWM_TABLE_COLUMN" ("ID", "TABLE_ID", "COLUMN_ID", "TYPE", "ORDER_SIGN") VALUES ('#SEQ_CWM_TABLE_COLUMN-50#', '#SEQ_CWM_TABLES-6#', '#SEQ_CWM_TAB_COLUMNS-51#', '3', '1')
INSERT INTO "CWM_TABLE_COLUMN" ("ID", "TABLE_ID", "COLUMN_ID", "TYPE", "ORDER_SIGN") VALUES ('#SEQ_CWM_TABLE_COLUMN-51#', '#SEQ_CWM_TABLES-7#', '#SEQ_CWM_TAB_COLUMNS-53#', '0', '0')
INSERT INTO "CWM_TABLE_COLUMN" ("ID", "TABLE_ID", "COLUMN_ID", "TYPE", "ORDER_SIGN") VALUES ('#SEQ_CWM_TABLE_COLUMN-52#', '#SEQ_CWM_TABLES-7#', '#SEQ_CWM_TAB_COLUMNS-57#', '3', '3')
INSERT INTO "CWM_TABLE_COLUMN" ("ID", "TABLE_ID", "COLUMN_ID", "TYPE", "ORDER_SIGN") VALUES ('#SEQ_CWM_TABLE_COLUMN-53#', '#SEQ_CWM_TABLES-7#', '#SEQ_CWM_TAB_COLUMNS-55#', '3', '5')
INSERT INTO "CWM_TABLE_COLUMN" ("ID", "TABLE_ID", "COLUMN_ID", "TYPE", "ORDER_SIGN") VALUES ('#SEQ_CWM_TABLE_COLUMN-54#', '#SEQ_CWM_TABLES-7#', '#SEQ_CWM_TAB_COLUMNS-58#', '3', '4')
INSERT INTO "CWM_TABLE_COLUMN" ("ID", "TABLE_ID", "COLUMN_ID", "TYPE", "ORDER_SIGN") VALUES ('#SEQ_CWM_TABLE_COLUMN-55#', '#SEQ_CWM_TABLES-7#', '#SEQ_CWM_TAB_COLUMNS-54#', '3', '2')
INSERT INTO "CWM_TABLE_COLUMN" ("ID", "TABLE_ID", "COLUMN_ID", "TYPE", "ORDER_SIGN") VALUES ('#SEQ_CWM_TABLE_COLUMN-56#', '#SEQ_CWM_TABLES-7#', '#SEQ_CWM_TAB_COLUMNS-53#', '3', '0')
INSERT INTO "CWM_TABLE_COLUMN" ("ID", "TABLE_ID", "COLUMN_ID", "TYPE", "ORDER_SIGN") VALUES ('#SEQ_CWM_TABLE_COLUMN-57#', '#SEQ_CWM_TABLES-7#', '#SEQ_CWM_TAB_COLUMNS-56#', '3', '1')
INSERT INTO "CWM_TABLE_COLUMN" ("ID", "TABLE_ID", "COLUMN_ID", "TYPE", "ORDER_SIGN") VALUES ('#SEQ_CWM_TABLE_COLUMN-58#', '#SEQ_CWM_TABLES-8#', '#SEQ_CWM_TAB_COLUMNS-63#', '0', '0')
INSERT INTO "CWM_TABLE_COLUMN" ("ID", "TABLE_ID", "COLUMN_ID", "TYPE", "ORDER_SIGN") VALUES ('#SEQ_CWM_TABLE_COLUMN-59#', '#SEQ_CWM_TABLES-8#', '#SEQ_CWM_TAB_COLUMNS-63#', '3', '0')
INSERT INTO "CWM_TABLE_COLUMN" ("ID", "TABLE_ID", "COLUMN_ID", "TYPE", "ORDER_SIGN") VALUES ('#SEQ_CWM_TABLE_COLUMN-60#', '#SEQ_CWM_TABLES-8#', '#SEQ_CWM_TAB_COLUMNS-62#', '3', '1')
INSERT INTO "CWM_TABLE_COLUMN" ("ID", "TABLE_ID", "COLUMN_ID", "TYPE", "ORDER_SIGN") VALUES ('#SEQ_CWM_TABLE_COLUMN-61#', '#SEQ_CWM_TABLES-8#', '#SEQ_CWM_TAB_COLUMNS-59#', '3', '2')
INSERT INTO "CWM_TABLE_COLUMN" ("ID", "TABLE_ID", "COLUMN_ID", "TYPE", "ORDER_SIGN") VALUES ('#SEQ_CWM_TABLE_COLUMN-62#', '#SEQ_CWM_TABLES-9#', '#SEQ_CWM_TAB_COLUMNS-68#', '0', '0')
INSERT INTO "CWM_TABLE_COLUMN" ("ID", "TABLE_ID", "COLUMN_ID", "TYPE", "ORDER_SIGN") VALUES ('#SEQ_CWM_TABLE_COLUMN-63#', '#SEQ_CWM_TABLES-9#', '#SEQ_CWM_TAB_COLUMNS-68#', '3', '0')
INSERT INTO "CWM_TABLE_COLUMN" ("ID", "TABLE_ID", "COLUMN_ID", "TYPE", "ORDER_SIGN") VALUES ('#SEQ_CWM_TABLE_COLUMN-64#', '#SEQ_CWM_TABLES-9#', '#SEQ_CWM_TAB_COLUMNS-64#', '3', '2')
INSERT INTO "CWM_TABLE_COLUMN" ("ID", "TABLE_ID", "COLUMN_ID", "TYPE", "ORDER_SIGN") VALUES ('#SEQ_CWM_TABLE_COLUMN-65#', '#SEQ_CWM_TABLES-9#', '#SEQ_CWM_TAB_COLUMNS-65#', '3', '1')
INSERT INTO "CWM_TABLE_COLUMN" ("ID", "TABLE_ID", "COLUMN_ID", "TYPE", "ORDER_SIGN") VALUES ('#SEQ_CWM_TABLE_COLUMN-66#', '#SEQ_CWM_TABLES-10#', '#SEQ_CWM_TAB_COLUMNS-72#', '0', '0')
INSERT INTO "CWM_TABLE_COLUMN" ("ID", "TABLE_ID", "COLUMN_ID", "TYPE", "ORDER_SIGN") VALUES ('#SEQ_CWM_TABLE_COLUMN-67#', '#SEQ_CWM_TABLES-10#', '#SEQ_CWM_TAB_COLUMNS-72#', '3', '0')
INSERT INTO "CWM_TABLE_COLUMN" ("ID", "TABLE_ID", "COLUMN_ID", "TYPE", "ORDER_SIGN") VALUES ('#SEQ_CWM_TABLE_COLUMN-68#', '#SEQ_CWM_TABLES-10#', '#SEQ_CWM_TAB_COLUMNS-73#', '3', '1')
INSERT INTO "CWM_TABLE_COLUMN" ("ID", "TABLE_ID", "COLUMN_ID", "TYPE", "ORDER_SIGN") VALUES ('#SEQ_CWM_TABLE_COLUMN-69#', '#SEQ_CWM_TABLES-10#', '#SEQ_CWM_TAB_COLUMNS-69#', '3', '2')
INSERT INTO "CWM_TABLE_COLUMN" ("ID", "TABLE_ID", "COLUMN_ID", "TYPE", "ORDER_SIGN") VALUES ('#SEQ_CWM_TABLE_COLUMN-70#', '#SEQ_CWM_TABLES-11#', '#SEQ_CWM_TAB_COLUMNS-77#', '0', '0')
INSERT INTO "CWM_TABLE_COLUMN" ("ID", "TABLE_ID", "COLUMN_ID", "TYPE", "ORDER_SIGN") VALUES ('#SEQ_CWM_TABLE_COLUMN-71#', '#SEQ_CWM_TABLES-11#', '#SEQ_CWM_TAB_COLUMNS-79#', '3', '4')
INSERT INTO "CWM_TABLE_COLUMN" ("ID", "TABLE_ID", "COLUMN_ID", "TYPE", "ORDER_SIGN") VALUES ('#SEQ_CWM_TABLE_COLUMN-72#', '#SEQ_CWM_TABLES-11#', '#SEQ_CWM_TAB_COLUMNS-82#', '3', '6')
INSERT INTO "CWM_TABLE_COLUMN" ("ID", "TABLE_ID", "COLUMN_ID", "TYPE", "ORDER_SIGN") VALUES ('#SEQ_CWM_TABLE_COLUMN-73#', '#SEQ_CWM_TABLES-11#', '#SEQ_CWM_TAB_COLUMNS-75#', '3', '10')
INSERT INTO "CWM_TABLE_COLUMN" ("ID", "TABLE_ID", "COLUMN_ID", "TYPE", "ORDER_SIGN") VALUES ('#SEQ_CWM_TABLE_COLUMN-74#', '#SEQ_CWM_TABLES-11#', '#SEQ_CWM_TAB_COLUMNS-76#', '3', '9')
INSERT INTO "CWM_TABLE_COLUMN" ("ID", "TABLE_ID", "COLUMN_ID", "TYPE", "ORDER_SIGN") VALUES ('#SEQ_CWM_TABLE_COLUMN-75#', '#SEQ_CWM_TABLES-11#', '#SEQ_CWM_TAB_COLUMNS-80#', '3', '8')
INSERT INTO "CWM_TABLE_COLUMN" ("ID", "TABLE_ID", "COLUMN_ID", "TYPE", "ORDER_SIGN") VALUES ('#SEQ_CWM_TABLE_COLUMN-76#', '#SEQ_CWM_TABLES-11#', '#SEQ_CWM_TAB_COLUMNS-85#', '3', '7')
INSERT INTO "CWM_TABLE_COLUMN" ("ID", "TABLE_ID", "COLUMN_ID", "TYPE", "ORDER_SIGN") VALUES ('#SEQ_CWM_TABLE_COLUMN-77#', '#SEQ_CWM_TABLES-11#', '#SEQ_CWM_TAB_COLUMNS-78#', '3', '5')
INSERT INTO "CWM_TABLE_COLUMN" ("ID", "TABLE_ID", "COLUMN_ID", "TYPE", "ORDER_SIGN") VALUES ('#SEQ_CWM_TABLE_COLUMN-78#', '#SEQ_CWM_TABLES-11#', '#SEQ_CWM_TAB_COLUMNS-74#', '3', '3')
INSERT INTO "CWM_TABLE_COLUMN" ("ID", "TABLE_ID", "COLUMN_ID", "TYPE", "ORDER_SIGN") VALUES ('#SEQ_CWM_TABLE_COLUMN-79#', '#SEQ_CWM_TABLES-11#', '#SEQ_CWM_TAB_COLUMNS-77#', '3', '0')
INSERT INTO "CWM_TABLE_COLUMN" ("ID", "TABLE_ID", "COLUMN_ID", "TYPE", "ORDER_SIGN") VALUES ('#SEQ_CWM_TABLE_COLUMN-80#', '#SEQ_CWM_TABLES-11#', '#SEQ_CWM_TAB_COLUMNS-81#', '3', '1')
INSERT INTO "CWM_TABLE_COLUMN" ("ID", "TABLE_ID", "COLUMN_ID", "TYPE", "ORDER_SIGN") VALUES ('#SEQ_CWM_TABLE_COLUMN-81#', '#SEQ_CWM_TABLES-11#', '#SEQ_CWM_TAB_COLUMNS-84#', '3', '2')
INSERT INTO "CWM_TABLE_COLUMN" ("ID", "TABLE_ID", "COLUMN_ID", "TYPE", "ORDER_SIGN") VALUES ('#SEQ_CWM_TABLE_COLUMN-82#', '#SEQ_CWM_TABLES-12#', '#SEQ_CWM_TAB_COLUMNS-88#', '0', '0')
INSERT INTO "CWM_TABLE_COLUMN" ("ID", "TABLE_ID", "COLUMN_ID", "TYPE", "ORDER_SIGN") VALUES ('#SEQ_CWM_TABLE_COLUMN-83#', '#SEQ_CWM_TABLES-12#', '#SEQ_CWM_TAB_COLUMNS-87#', '3', '2')
INSERT INTO "CWM_TABLE_COLUMN" ("ID", "TABLE_ID", "COLUMN_ID", "TYPE", "ORDER_SIGN") VALUES ('#SEQ_CWM_TABLE_COLUMN-84#', '#SEQ_CWM_TABLES-12#', '#SEQ_CWM_TAB_COLUMNS-88#', '3', '0')
INSERT INTO "CWM_TABLE_COLUMN" ("ID", "TABLE_ID", "COLUMN_ID", "TYPE", "ORDER_SIGN") VALUES ('#SEQ_CWM_TABLE_COLUMN-85#', '#SEQ_CWM_TABLES-12#', '#SEQ_CWM_TAB_COLUMNS-90#', '3', '1')
INSERT INTO "CWM_TABLE_COLUMN" ("ID", "TABLE_ID", "COLUMN_ID", "TYPE", "ORDER_SIGN") VALUES ('#SEQ_CWM_TABLE_COLUMN-86#', '#SEQ_CWM_TABLES-13#', '#SEQ_CWM_TAB_COLUMNS-92#', '0', '0')
INSERT INTO "CWM_TABLE_COLUMN" ("ID", "TABLE_ID", "COLUMN_ID", "TYPE", "ORDER_SIGN") VALUES ('#SEQ_CWM_TABLE_COLUMN-87#', '#SEQ_CWM_TABLES-13#', '#SEQ_CWM_TAB_COLUMNS-92#', '3', '2')
INSERT INTO "CWM_TABLE_COLUMN" ("ID", "TABLE_ID", "COLUMN_ID", "TYPE", "ORDER_SIGN") VALUES ('#SEQ_CWM_TABLE_COLUMN-88#', '#SEQ_CWM_TABLES-13#', '#SEQ_CWM_TAB_COLUMNS-91#', '3', '1')
INSERT INTO "CWM_TABLE_COLUMN" ("ID", "TABLE_ID", "COLUMN_ID", "TYPE", "ORDER_SIGN") VALUES ('#SEQ_CWM_TABLE_COLUMN-89#', '#SEQ_CWM_TABLES-13#', '#SEQ_CWM_TAB_COLUMNS-93#', '3', '0')
INSERT INTO "CWM_TABLE_COLUMN" ("ID", "TABLE_ID", "COLUMN_ID", "TYPE", "ORDER_SIGN") VALUES ('#SEQ_CWM_TABLE_COLUMN-90#', '#SEQ_CWM_TABLES-14#', '#SEQ_CWM_TAB_COLUMNS-95#', '0', '0')
INSERT INTO "CWM_TABLE_COLUMN" ("ID", "TABLE_ID", "COLUMN_ID", "TYPE", "ORDER_SIGN") VALUES ('#SEQ_CWM_TABLE_COLUMN-91#', '#SEQ_CWM_TABLES-14#', '#SEQ_CWM_TAB_COLUMNS-95#', '3', '0')
INSERT INTO "CWM_TABLE_COLUMN" ("ID", "TABLE_ID", "COLUMN_ID", "TYPE", "ORDER_SIGN") VALUES ('#SEQ_CWM_TABLE_COLUMN-92#', '#SEQ_CWM_TABLES-14#', '#SEQ_CWM_TAB_COLUMNS-98#', '3', '2')
INSERT INTO "CWM_TABLE_COLUMN" ("ID", "TABLE_ID", "COLUMN_ID", "TYPE", "ORDER_SIGN") VALUES ('#SEQ_CWM_TABLE_COLUMN-93#', '#SEQ_CWM_TABLES-14#', '#SEQ_CWM_TAB_COLUMNS-94#', '3', '1')
INSERT INTO "CWM_TABLE_COLUMN" ("ID", "TABLE_ID", "COLUMN_ID", "TYPE", "ORDER_SIGN") VALUES ('#SEQ_CWM_TABLE_COLUMN-94#', '#SEQ_CWM_TABLES-15#', '#SEQ_CWM_TAB_COLUMNS-100#', '0', '0')
INSERT INTO "CWM_TABLE_COLUMN" ("ID", "TABLE_ID", "COLUMN_ID", "TYPE", "ORDER_SIGN") VALUES ('#SEQ_CWM_TABLE_COLUMN-95#', '#SEQ_CWM_TABLES-15#', '#SEQ_CWM_TAB_COLUMNS-102#', '3', '4')
INSERT INTO "CWM_TABLE_COLUMN" ("ID", "TABLE_ID", "COLUMN_ID", "TYPE", "ORDER_SIGN") VALUES ('#SEQ_CWM_TABLE_COLUMN-96#', '#SEQ_CWM_TABLES-15#', '#SEQ_CWM_TAB_COLUMNS-99#', '3', '6')
INSERT INTO "CWM_TABLE_COLUMN" ("ID", "TABLE_ID", "COLUMN_ID", "TYPE", "ORDER_SIGN") VALUES ('#SEQ_CWM_TABLE_COLUMN-97#', '#SEQ_CWM_TABLES-15#', '#SEQ_CWM_TAB_COLUMNS-107#', '3', '8')
INSERT INTO "CWM_TABLE_COLUMN" ("ID", "TABLE_ID", "COLUMN_ID", "TYPE", "ORDER_SIGN") VALUES ('#SEQ_CWM_TABLE_COLUMN-98#', '#SEQ_CWM_TABLES-15#', '#SEQ_CWM_TAB_COLUMNS-106#', '3', '10')
INSERT INTO "CWM_TABLE_COLUMN" ("ID", "TABLE_ID", "COLUMN_ID", "TYPE", "ORDER_SIGN") VALUES ('#SEQ_CWM_TABLE_COLUMN-99#', '#SEQ_CWM_TABLES-15#', '#SEQ_CWM_TAB_COLUMNS-103#', '3', '9')
INSERT INTO "CWM_TABLE_COLUMN" ("ID", "TABLE_ID", "COLUMN_ID", "TYPE", "ORDER_SIGN") VALUES ('#SEQ_CWM_TABLE_COLUMN-100#', '#SEQ_CWM_TABLES-15#', '#SEQ_CWM_TAB_COLUMNS-105#', '3', '7')
INSERT INTO "CWM_TABLE_COLUMN" ("ID", "TABLE_ID", "COLUMN_ID", "TYPE", "ORDER_SIGN") VALUES ('#SEQ_CWM_TABLE_COLUMN-101#', '#SEQ_CWM_TABLES-15#', '#SEQ_CWM_TAB_COLUMNS-101#', '3', '5')
INSERT INTO "CWM_TABLE_COLUMN" ("ID", "TABLE_ID", "COLUMN_ID", "TYPE", "ORDER_SIGN") VALUES ('#SEQ_CWM_TABLE_COLUMN-102#', '#SEQ_CWM_TABLES-15#', '#SEQ_CWM_TAB_COLUMNS-104#', '3', '3')
INSERT INTO "CWM_TABLE_COLUMN" ("ID", "TABLE_ID", "COLUMN_ID", "TYPE", "ORDER_SIGN") VALUES ('#SEQ_CWM_TABLE_COLUMN-103#', '#SEQ_CWM_TABLES-15#', '#SEQ_CWM_TAB_COLUMNS-109#', '3', '0')
INSERT INTO "CWM_TABLE_COLUMN" ("ID", "TABLE_ID", "COLUMN_ID", "TYPE", "ORDER_SIGN") VALUES ('#SEQ_CWM_TABLE_COLUMN-104#', '#SEQ_CWM_TABLES-15#', '#SEQ_CWM_TAB_COLUMNS-108#', '3', '2')
INSERT INTO "CWM_TABLE_COLUMN" ("ID", "TABLE_ID", "COLUMN_ID", "TYPE", "ORDER_SIGN") VALUES ('#SEQ_CWM_TABLE_COLUMN-105#', '#SEQ_CWM_TABLES-15#', '#SEQ_CWM_TAB_COLUMNS-100#', '3', '1')
INSERT INTO "CWM_TABLE_COLUMN" ("ID", "TABLE_ID", "COLUMN_ID", "TYPE", "ORDER_SIGN") VALUES ('#SEQ_CWM_TABLE_COLUMN-106#', '#SEQ_CWM_TABLES-16#', '#SEQ_CWM_TAB_COLUMNS-110#', '0', '0')
INSERT INTO "CWM_TABLE_COLUMN" ("ID", "TABLE_ID", "COLUMN_ID", "TYPE", "ORDER_SIGN") VALUES ('#SEQ_CWM_TABLE_COLUMN-107#', '#SEQ_CWM_TABLES-16#', '#SEQ_CWM_TAB_COLUMNS-114#', '3', '2')
INSERT INTO "CWM_TABLE_COLUMN" ("ID", "TABLE_ID", "COLUMN_ID", "TYPE", "ORDER_SIGN") VALUES ('#SEQ_CWM_TABLE_COLUMN-108#', '#SEQ_CWM_TABLES-16#', '#SEQ_CWM_TAB_COLUMNS-113#', '3', '1')
INSERT INTO "CWM_TABLE_COLUMN" ("ID", "TABLE_ID", "COLUMN_ID", "TYPE", "ORDER_SIGN") VALUES ('#SEQ_CWM_TABLE_COLUMN-109#', '#SEQ_CWM_TABLES-16#', '#SEQ_CWM_TAB_COLUMNS-110#', '3', '0')
INSERT INTO "CWM_TABLE_COLUMN" ("ID", "TABLE_ID", "COLUMN_ID", "TYPE", "ORDER_SIGN") VALUES ('#SEQ_CWM_TABLE_COLUMN-110#', '#SEQ_CWM_TABLES-17#', '#SEQ_CWM_TAB_COLUMNS-120#', '0', '0')
INSERT INTO "CWM_TABLE_COLUMN" ("ID", "TABLE_ID", "COLUMN_ID", "TYPE", "ORDER_SIGN") VALUES ('#SEQ_CWM_TABLE_COLUMN-111#', '#SEQ_CWM_TABLES-17#', '#SEQ_CWM_TAB_COLUMNS-118#', '3', '4')
INSERT INTO "CWM_TABLE_COLUMN" ("ID", "TABLE_ID", "COLUMN_ID", "TYPE", "ORDER_SIGN") VALUES ('#SEQ_CWM_TABLE_COLUMN-112#', '#SEQ_CWM_TABLES-17#', '#SEQ_CWM_TAB_COLUMNS-116#', '3', '6')
INSERT INTO "CWM_TABLE_COLUMN" ("ID", "TABLE_ID", "COLUMN_ID", "TYPE", "ORDER_SIGN") VALUES ('#SEQ_CWM_TABLE_COLUMN-113#', '#SEQ_CWM_TABLES-17#', '#SEQ_CWM_TAB_COLUMNS-115#', '3', '8')
INSERT INTO "CWM_TABLE_COLUMN" ("ID", "TABLE_ID", "COLUMN_ID", "TYPE", "ORDER_SIGN") VALUES ('#SEQ_CWM_TABLE_COLUMN-114#', '#SEQ_CWM_TABLES-17#', '#SEQ_CWM_TAB_COLUMNS-117#', '3', '9')
INSERT INTO "CWM_TABLE_COLUMN" ("ID", "TABLE_ID", "COLUMN_ID", "TYPE", "ORDER_SIGN") VALUES ('#SEQ_CWM_TABLE_COLUMN-115#', '#SEQ_CWM_TABLES-17#', '#SEQ_CWM_TAB_COLUMNS-124#', '3', '7')
INSERT INTO "CWM_TABLE_COLUMN" ("ID", "TABLE_ID", "COLUMN_ID", "TYPE", "ORDER_SIGN") VALUES ('#SEQ_CWM_TABLE_COLUMN-116#', '#SEQ_CWM_TABLES-17#', '#SEQ_CWM_TAB_COLUMNS-121#', '3', '5')
INSERT INTO "CWM_TABLE_COLUMN" ("ID", "TABLE_ID", "COLUMN_ID", "TYPE", "ORDER_SIGN") VALUES ('#SEQ_CWM_TABLE_COLUMN-117#', '#SEQ_CWM_TABLES-17#', '#SEQ_CWM_TAB_COLUMNS-122#', '3', '3')
INSERT INTO "CWM_TABLE_COLUMN" ("ID", "TABLE_ID", "COLUMN_ID", "TYPE", "ORDER_SIGN") VALUES ('#SEQ_CWM_TABLE_COLUMN-118#', '#SEQ_CWM_TABLES-17#', '#SEQ_CWM_TAB_COLUMNS-120#', '3', '0')
INSERT INTO "CWM_TABLE_COLUMN" ("ID", "TABLE_ID", "COLUMN_ID", "TYPE", "ORDER_SIGN") VALUES ('#SEQ_CWM_TABLE_COLUMN-119#', '#SEQ_CWM_TABLES-17#', '#SEQ_CWM_TAB_COLUMNS-119#', '3', '2')
INSERT INTO "CWM_TABLE_COLUMN" ("ID", "TABLE_ID", "COLUMN_ID", "TYPE", "ORDER_SIGN") VALUES ('#SEQ_CWM_TABLE_COLUMN-120#', '#SEQ_CWM_TABLES-17#', '#SEQ_CWM_TAB_COLUMNS-123#', '3', '1')
INSERT INTO "CWM_TABLE_COLUMN" ("ID", "TABLE_ID", "COLUMN_ID", "TYPE", "ORDER_SIGN") VALUES ('#SEQ_CWM_TABLE_COLUMN-121#', '#SEQ_CWM_TABLES-18#', '#SEQ_CWM_TAB_COLUMNS-129#', '0', '0')
INSERT INTO "CWM_TABLE_COLUMN" ("ID", "TABLE_ID", "COLUMN_ID", "TYPE", "ORDER_SIGN") VALUES ('#SEQ_CWM_TABLE_COLUMN-122#', '#SEQ_CWM_TABLES-18#', '#SEQ_CWM_TAB_COLUMNS-125#', '3', '1')
INSERT INTO "CWM_TABLE_COLUMN" ("ID", "TABLE_ID", "COLUMN_ID", "TYPE", "ORDER_SIGN") VALUES ('#SEQ_CWM_TABLE_COLUMN-123#', '#SEQ_CWM_TABLES-18#', '#SEQ_CWM_TAB_COLUMNS-128#', '3', '2')
INSERT INTO "CWM_TABLE_COLUMN" ("ID", "TABLE_ID", "COLUMN_ID", "TYPE", "ORDER_SIGN") VALUES ('#SEQ_CWM_TABLE_COLUMN-124#', '#SEQ_CWM_TABLES-18#', '#SEQ_CWM_TAB_COLUMNS-129#', '3', '0')
INSERT INTO "CWM_TABLE_COLUMN" ("ID", "TABLE_ID", "COLUMN_ID", "TYPE", "ORDER_SIGN") VALUES ('#SEQ_CWM_TABLE_COLUMN-125#', '#SEQ_CWM_TABLES-19#', '#SEQ_CWM_TAB_COLUMNS-133#', '0', '0')
INSERT INTO "CWM_TABLE_COLUMN" ("ID", "TABLE_ID", "COLUMN_ID", "TYPE", "ORDER_SIGN") VALUES ('#SEQ_CWM_TABLE_COLUMN-126#', '#SEQ_CWM_TABLES-19#', '#SEQ_CWM_TAB_COLUMNS-130#', '3', '5')
INSERT INTO "CWM_TABLE_COLUMN" ("ID", "TABLE_ID", "COLUMN_ID", "TYPE", "ORDER_SIGN") VALUES ('#SEQ_CWM_TABLE_COLUMN-127#', '#SEQ_CWM_TABLES-19#', '#SEQ_CWM_TAB_COLUMNS-134#', '3', '4')
INSERT INTO "CWM_TABLE_COLUMN" ("ID", "TABLE_ID", "COLUMN_ID", "TYPE", "ORDER_SIGN") VALUES ('#SEQ_CWM_TABLE_COLUMN-128#', '#SEQ_CWM_TABLES-19#', '#SEQ_CWM_TAB_COLUMNS-135#', '3', '3')
INSERT INTO "CWM_TABLE_COLUMN" ("ID", "TABLE_ID", "COLUMN_ID", "TYPE", "ORDER_SIGN") VALUES ('#SEQ_CWM_TABLE_COLUMN-129#', '#SEQ_CWM_TABLES-19#', '#SEQ_CWM_TAB_COLUMNS-131#', '3', '2')
INSERT INTO "CWM_TABLE_COLUMN" ("ID", "TABLE_ID", "COLUMN_ID", "TYPE", "ORDER_SIGN") VALUES ('#SEQ_CWM_TABLE_COLUMN-130#', '#SEQ_CWM_TABLES-19#', '#SEQ_CWM_TAB_COLUMNS-133#', '3', '1')
INSERT INTO "CWM_TABLE_COLUMN" ("ID", "TABLE_ID", "COLUMN_ID", "TYPE", "ORDER_SIGN") VALUES ('#SEQ_CWM_TABLE_COLUMN-131#', '#SEQ_CWM_TABLES-19#', '#SEQ_CWM_TAB_COLUMNS-132#', '3', '0')
INSERT INTO "CWM_TABLE_COLUMN" ("ID", "TABLE_ID", "COLUMN_ID", "TYPE", "ORDER_SIGN") VALUES ('#SEQ_CWM_TABLE_COLUMN-132#', '#SEQ_CWM_TABLES-19#', '#SEQ_CWM_TAB_COLUMNS-135#', '0', '2')
INSERT INTO "CWM_TABLE_COLUMN" ("ID", "TABLE_ID", "COLUMN_ID", "TYPE", "ORDER_SIGN") VALUES ('#SEQ_CWM_TABLE_COLUMN-133#', '#SEQ_CWM_TABLES-19#', '#SEQ_CWM_TAB_COLUMNS-131#', '0', '1')
INSERT INTO "CWM_TABLE_COLUMN" ("ID", "TABLE_ID", "COLUMN_ID", "TYPE", "ORDER_SIGN") VALUES ('#SEQ_CWM_TABLE_COLUMN-134#', '#SEQ_CWM_TABLES-20#', '#SEQ_CWM_TAB_COLUMNS-139#', '0', '0')
INSERT INTO "CWM_TABLE_COLUMN" ("ID", "TABLE_ID", "COLUMN_ID", "TYPE", "ORDER_SIGN") VALUES ('#SEQ_CWM_TABLE_COLUMN-135#', '#SEQ_CWM_TABLES-20#', '#SEQ_CWM_TAB_COLUMNS-139#', '3', '0')
INSERT INTO "CWM_TABLE_COLUMN" ("ID", "TABLE_ID", "COLUMN_ID", "TYPE", "ORDER_SIGN") VALUES ('#SEQ_CWM_TABLE_COLUMN-136#', '#SEQ_CWM_TABLES-20#', '#SEQ_CWM_TAB_COLUMNS-137#', '3', '2')
INSERT INTO "CWM_TABLE_COLUMN" ("ID", "TABLE_ID", "COLUMN_ID", "TYPE", "ORDER_SIGN") VALUES ('#SEQ_CWM_TABLE_COLUMN-137#', '#SEQ_CWM_TABLES-20#', '#SEQ_CWM_TAB_COLUMNS-138#', '3', '1')
INSERT INTO "CWM_TABLE_COLUMN" ("ID", "TABLE_ID", "COLUMN_ID", "TYPE", "ORDER_SIGN") VALUES ('#SEQ_CWM_TABLE_COLUMN-138#', '#SEQ_CWM_TABLES-21#', '#SEQ_CWM_TAB_COLUMNS-145#', '0', '0')
INSERT INTO "CWM_TABLE_COLUMN" ("ID", "TABLE_ID", "COLUMN_ID", "TYPE", "ORDER_SIGN") VALUES ('#SEQ_CWM_TABLE_COLUMN-139#', '#SEQ_CWM_TABLES-21#', '#SEQ_CWM_TAB_COLUMNS-141#', '3', '0')
INSERT INTO "CWM_TABLE_COLUMN" ("ID", "TABLE_ID", "COLUMN_ID", "TYPE", "ORDER_SIGN") VALUES ('#SEQ_CWM_TABLE_COLUMN-140#', '#SEQ_CWM_TABLES-21#', '#SEQ_CWM_TAB_COLUMNS-142#', '3', '3')
INSERT INTO "CWM_TABLE_COLUMN" ("ID", "TABLE_ID", "COLUMN_ID", "TYPE", "ORDER_SIGN") VALUES ('#SEQ_CWM_TABLE_COLUMN-141#', '#SEQ_CWM_TABLES-21#', '#SEQ_CWM_TAB_COLUMNS-144#', '3', '4')
INSERT INTO "CWM_TABLE_COLUMN" ("ID", "TABLE_ID", "COLUMN_ID", "TYPE", "ORDER_SIGN") VALUES ('#SEQ_CWM_TABLE_COLUMN-142#', '#SEQ_CWM_TABLES-21#', '#SEQ_CWM_TAB_COLUMNS-140#', '3', '2')
INSERT INTO "CWM_TABLE_COLUMN" ("ID", "TABLE_ID", "COLUMN_ID", "TYPE", "ORDER_SIGN") VALUES ('#SEQ_CWM_TABLE_COLUMN-143#', '#SEQ_CWM_TABLES-21#', '#SEQ_CWM_TAB_COLUMNS-145#', '3', '1')
INSERT INTO "CWM_TABLE_COLUMN" ("ID", "TABLE_ID", "COLUMN_ID", "TYPE", "ORDER_SIGN") VALUES ('#SEQ_CWM_TABLE_COLUMN-144#', '#SEQ_CWM_TABLES-21#', '#SEQ_CWM_TAB_COLUMNS-143#', '3', '5')
INSERT INTO "CWM_TABLE_COLUMN" ("ID", "TABLE_ID", "COLUMN_ID", "TYPE", "ORDER_SIGN") VALUES ('#SEQ_CWM_TABLE_COLUMN-145#', '#SEQ_CWM_TABLES-22#', '#SEQ_CWM_TAB_COLUMNS-148#', '0', '0')
INSERT INTO "CWM_TABLE_COLUMN" ("ID", "TABLE_ID", "COLUMN_ID", "TYPE", "ORDER_SIGN") VALUES ('#SEQ_CWM_TABLE_COLUMN-146#', '#SEQ_CWM_TABLES-22#', '#SEQ_CWM_TAB_COLUMNS-148#', '3', '0')
INSERT INTO "CWM_TABLE_COLUMN" ("ID", "TABLE_ID", "COLUMN_ID", "TYPE", "ORDER_SIGN") VALUES ('#SEQ_CWM_TABLE_COLUMN-147#', '#SEQ_CWM_TABLES-22#', '#SEQ_CWM_TAB_COLUMNS-151#', '3', '3')
INSERT INTO "CWM_TABLE_COLUMN" ("ID", "TABLE_ID", "COLUMN_ID", "TYPE", "ORDER_SIGN") VALUES ('#SEQ_CWM_TABLE_COLUMN-148#', '#SEQ_CWM_TABLES-22#', '#SEQ_CWM_TAB_COLUMNS-150#', '3', '4')
INSERT INTO "CWM_TABLE_COLUMN" ("ID", "TABLE_ID", "COLUMN_ID", "TYPE", "ORDER_SIGN") VALUES ('#SEQ_CWM_TABLE_COLUMN-149#', '#SEQ_CWM_TABLES-22#', '#SEQ_CWM_TAB_COLUMNS-152#', '3', '2')
INSERT INTO "CWM_TABLE_COLUMN" ("ID", "TABLE_ID", "COLUMN_ID", "TYPE", "ORDER_SIGN") VALUES ('#SEQ_CWM_TABLE_COLUMN-150#', '#SEQ_CWM_TABLES-22#', '#SEQ_CWM_TAB_COLUMNS-146#', '3', '1')
INSERT INTO "CWM_TABLE_COLUMN" ("ID", "TABLE_ID", "COLUMN_ID", "TYPE", "ORDER_SIGN") VALUES ('#SEQ_CWM_TABLE_COLUMN-151#', '#SEQ_CWM_TABLES-22#', '#SEQ_CWM_TAB_COLUMNS-147#', '3', '5')
INSERT INTO "CWM_TABLE_COLUMN" ("ID", "TABLE_ID", "COLUMN_ID", "TYPE", "ORDER_SIGN") VALUES ('#SEQ_CWM_TABLE_COLUMN-152#', '#SEQ_CWM_TABLES-22#', '#SEQ_CWM_TAB_COLUMNS-149#', '3', '6')

INSERT INTO "CWM_RESTRICTION" ("ID", "NAME", "DISPLAY_NAME", "TYPE", "IS_MULTI_SELECTED", "ERROR_INFO", "DESCRIPTION", "DISPLAY_TYPE", "MAX_LENGTH", "MIN_LENGTH", "SCHEMA_ID", "IS_VALID", "DATATYPE", "ORDER_SIGN", "CITE") VALUES ('#SEQ_CWM_RESTRICTION-1#', 'E_GLZT', '管理状态', '1', 'False', NULL, NULL, '0', NULL, NULL, '#SEQ_CWM_SCHEMA-1#', '1', 'String', '1', '//@数据约束/@枚举约束.1')
INSERT INTO "CWM_RESTRICTION" ("ID", "NAME", "DISPLAY_NAME", "TYPE", "IS_MULTI_SELECTED", "ERROR_INFO", "DESCRIPTION", "DISPLAY_TYPE", "MAX_LENGTH", "MIN_LENGTH", "SCHEMA_ID", "IS_VALID", "DATATYPE", "ORDER_SIGN", "CITE") VALUES ('#SEQ_CWM_RESTRICTION-2#', 'E_MJ', '密级', '1', 'False', NULL, NULL, '0', NULL, NULL, '#SEQ_CWM_SCHEMA-1#', '1', 'String', '0', '//@数据约束/@枚举约束.0')
INSERT INTO "CWM_RESTRICTION" ("ID", "NAME", "DISPLAY_NAME", "TYPE", "IS_MULTI_SELECTED", "ERROR_INFO", "DESCRIPTION", "DISPLAY_TYPE", "MAX_LENGTH", "MIN_LENGTH", "SCHEMA_ID", "IS_VALID", "DATATYPE", "ORDER_SIGN", "CITE") VALUES ('#SEQ_CWM_RESTRICTION-3#', 'E_XB', '性别', '1', 'False', NULL, NULL, '0', NULL, NULL, '#SEQ_CWM_SCHEMA-1#', '1', 'String', '2', '//@数据约束/@枚举约束.2')
INSERT INTO "CWM_RESTRICTION" ("ID", "NAME", "DISPLAY_NAME", "TYPE", "IS_MULTI_SELECTED", "ERROR_INFO", "DESCRIPTION", "DISPLAY_TYPE", "MAX_LENGTH", "MIN_LENGTH", "SCHEMA_ID", "IS_VALID", "DATATYPE", "ORDER_SIGN", "CITE") VALUES ('#SEQ_CWM_RESTRICTION-4#', 'E_ZW', '职务', '1', 'False', NULL, NULL, '0', NULL, NULL, '#SEQ_CWM_SCHEMA-1#', '1', 'String', '3', '//@数据约束/@枚举约束.3')
INSERT INTO "CWM_RESTRICTION" ("ID", "NAME", "DISPLAY_NAME", "TYPE", "IS_MULTI_SELECTED", "ERROR_INFO", "DESCRIPTION", "DISPLAY_TYPE", "MAX_LENGTH", "MIN_LENGTH", "SCHEMA_ID", "IS_VALID", "DATATYPE", "ORDER_SIGN", "CITE") VALUES ('#SEQ_CWM_RESTRICTION-5#', 'E_SBZT', '设备状态', '1', 'False', NULL, NULL, '0', NULL, NULL, '#SEQ_CWM_SCHEMA-1#', '1', 'String', '4', '//@数据约束/@枚举约束.4')

INSERT INTO "CWM_ENUM" ("RESTRICTION_ID", "VALUE", "DISPLAY_VALUE", "IMAGE_URL", "DESCRIPTION", "ID", "ORDER_SIGN", "IS_OPEN") VALUES ('#SEQ_CWM_RESTRICTION-1#', '合格', '合格', NULL, NULL, '#SEQ_CWM_ENUM-1#', '0', '1')
INSERT INTO "CWM_ENUM" ("RESTRICTION_ID", "VALUE", "DISPLAY_VALUE", "IMAGE_URL", "DESCRIPTION", "ID", "ORDER_SIGN", "IS_OPEN") VALUES ('#SEQ_CWM_RESTRICTION-1#', '延期', '延期', NULL, NULL, '#SEQ_CWM_ENUM-2#', '2', '1')
INSERT INTO "CWM_ENUM" ("RESTRICTION_ID", "VALUE", "DISPLAY_VALUE", "IMAGE_URL", "DESCRIPTION", "ID", "ORDER_SIGN", "IS_OPEN") VALUES ('#SEQ_CWM_RESTRICTION-1#', '停用', '停用', NULL, NULL, '#SEQ_CWM_ENUM-3#', '5', '1')
INSERT INTO "CWM_ENUM" ("RESTRICTION_ID", "VALUE", "DISPLAY_VALUE", "IMAGE_URL", "DESCRIPTION", "ID", "ORDER_SIGN", "IS_OPEN") VALUES ('#SEQ_CWM_RESTRICTION-1#', '准用', '准用', NULL, NULL, '#SEQ_CWM_ENUM-4#', '1', '1')
INSERT INTO "CWM_ENUM" ("RESTRICTION_ID", "VALUE", "DISPLAY_VALUE", "IMAGE_URL", "DESCRIPTION", "ID", "ORDER_SIGN", "IS_OPEN") VALUES ('#SEQ_CWM_RESTRICTION-1#', '计量中', '计量中', NULL, NULL, '#SEQ_CWM_ENUM-5#', '3', '1')
INSERT INTO "CWM_ENUM" ("RESTRICTION_ID", "VALUE", "DISPLAY_VALUE", "IMAGE_URL", "DESCRIPTION", "ID", "ORDER_SIGN", "IS_OPEN") VALUES ('#SEQ_CWM_RESTRICTION-1#', '空闲', '空闲', NULL, NULL, '#SEQ_CWM_ENUM-6#', '4', '1')
INSERT INTO "CWM_ENUM" ("RESTRICTION_ID", "VALUE", "DISPLAY_VALUE", "IMAGE_URL", "DESCRIPTION", "ID", "ORDER_SIGN", "IS_OPEN") VALUES ('#SEQ_CWM_RESTRICTION-1#', '报废', '报废', NULL, NULL, '#SEQ_CWM_ENUM-7#', '6', '1')
INSERT INTO "CWM_ENUM" ("RESTRICTION_ID", "VALUE", "DISPLAY_VALUE", "IMAGE_URL", "DESCRIPTION", "ID", "ORDER_SIGN", "IS_OPEN") VALUES ('#SEQ_CWM_RESTRICTION-2#', 'E4DA3B7FBBCE2345D7772B0674A318D5', '公开', NULL, NULL, '#SEQ_CWM_ENUM-8#', '0', '1')
INSERT INTO "CWM_ENUM" ("RESTRICTION_ID", "VALUE", "DISPLAY_VALUE", "IMAGE_URL", "DESCRIPTION", "ID", "ORDER_SIGN", "IS_OPEN") VALUES ('#SEQ_CWM_RESTRICTION-2#', 'C81E728D9D4C2F636F067F89CC14862C', '秘密', NULL, NULL, '#SEQ_CWM_ENUM-9#', '2', '1')
INSERT INTO "CWM_ENUM" ("RESTRICTION_ID", "VALUE", "DISPLAY_VALUE", "IMAGE_URL", "DESCRIPTION", "ID", "ORDER_SIGN", "IS_OPEN") VALUES ('#SEQ_CWM_RESTRICTION-2#', 'C4CA4238A0B923820DCC509A6F75849B', '机密', NULL, NULL, '#SEQ_CWM_ENUM-10#', '3', '1')
INSERT INTO "CWM_ENUM" ("RESTRICTION_ID", "VALUE", "DISPLAY_VALUE", "IMAGE_URL", "DESCRIPTION", "ID", "ORDER_SIGN", "IS_OPEN") VALUES ('#SEQ_CWM_RESTRICTION-2#', 'ECCBC87E4B5CE2FE28308FD9F2A7BAF3', '内部', NULL, NULL, '#SEQ_CWM_ENUM-11#', '1', '1')
INSERT INTO "CWM_ENUM" ("RESTRICTION_ID", "VALUE", "DISPLAY_VALUE", "IMAGE_URL", "DESCRIPTION", "ID", "ORDER_SIGN", "IS_OPEN") VALUES ('#SEQ_CWM_RESTRICTION-3#', '1', '男', NULL, NULL, '#SEQ_CWM_ENUM-12#', '0', '1')
INSERT INTO "CWM_ENUM" ("RESTRICTION_ID", "VALUE", "DISPLAY_VALUE", "IMAGE_URL", "DESCRIPTION", "ID", "ORDER_SIGN", "IS_OPEN") VALUES ('#SEQ_CWM_RESTRICTION-3#', '0', '女', NULL, NULL, '#SEQ_CWM_ENUM-13#', '1', '1')
INSERT INTO "CWM_ENUM" ("RESTRICTION_ID", "VALUE", "DISPLAY_VALUE", "IMAGE_URL", "DESCRIPTION", "ID", "ORDER_SIGN", "IS_OPEN") VALUES ('#SEQ_CWM_RESTRICTION-4#', '6', '技术主任', NULL, 'a', '#SEQ_CWM_ENUM-14#', '5', '1')
INSERT INTO "CWM_ENUM" ("RESTRICTION_ID", "VALUE", "DISPLAY_VALUE", "IMAGE_URL", "DESCRIPTION", "ID", "ORDER_SIGN", "IS_OPEN") VALUES ('#SEQ_CWM_RESTRICTION-4#', '8', '销售经理', NULL, 'a', '#SEQ_CWM_ENUM-15#', '7', '1')
INSERT INTO "CWM_ENUM" ("RESTRICTION_ID", "VALUE", "DISPLAY_VALUE", "IMAGE_URL", "DESCRIPTION", "ID", "ORDER_SIGN", "IS_OPEN") VALUES ('#SEQ_CWM_RESTRICTION-4#', '3', '软件工程师', NULL, 'a', '#SEQ_CWM_ENUM-16#', '0', '1')
INSERT INTO "CWM_ENUM" ("RESTRICTION_ID", "VALUE", "DISPLAY_VALUE", "IMAGE_URL", "DESCRIPTION", "ID", "ORDER_SIGN", "IS_OPEN") VALUES ('#SEQ_CWM_RESTRICTION-4#', '2', '网络工程师', NULL, 'a', '#SEQ_CWM_ENUM-17#', '1', '1')
INSERT INTO "CWM_ENUM" ("RESTRICTION_ID", "VALUE", "DISPLAY_VALUE", "IMAGE_URL", "DESCRIPTION", "ID", "ORDER_SIGN", "IS_OPEN") VALUES ('#SEQ_CWM_RESTRICTION-4#', '5', '项目经理', NULL, 'a', '#SEQ_CWM_ENUM-18#', '4', '1')
INSERT INTO "CWM_ENUM" ("RESTRICTION_ID", "VALUE", "DISPLAY_VALUE", "IMAGE_URL", "DESCRIPTION", "ID", "ORDER_SIGN", "IS_OPEN") VALUES ('#SEQ_CWM_RESTRICTION-4#', '7', '架构师', NULL, 'a', '#SEQ_CWM_ENUM-19#', '6', '1')
INSERT INTO "CWM_ENUM" ("RESTRICTION_ID", "VALUE", "DISPLAY_VALUE", "IMAGE_URL", "DESCRIPTION", "ID", "ORDER_SIGN", "IS_OPEN") VALUES ('#SEQ_CWM_RESTRICTION-4#', '9', '部门经理', NULL, 'a', '#SEQ_CWM_ENUM-20#', '8', '1')
INSERT INTO "CWM_ENUM" ("RESTRICTION_ID", "VALUE", "DISPLAY_VALUE", "IMAGE_URL", "DESCRIPTION", "ID", "ORDER_SIGN", "IS_OPEN") VALUES ('#SEQ_CWM_RESTRICTION-4#', '4', '技术支持', NULL, 'a', '#SEQ_CWM_ENUM-21#', '3', '1')
INSERT INTO "CWM_ENUM" ("RESTRICTION_ID", "VALUE", "DISPLAY_VALUE", "IMAGE_URL", "DESCRIPTION", "ID", "ORDER_SIGN", "IS_OPEN") VALUES ('#SEQ_CWM_RESTRICTION-4#', '1', '测试工程师', NULL, 'a', '#SEQ_CWM_ENUM-22#', '2', '1')
INSERT INTO "CWM_ENUM" ("RESTRICTION_ID", "VALUE", "DISPLAY_VALUE", "IMAGE_URL", "DESCRIPTION", "ID", "ORDER_SIGN", "IS_OPEN") VALUES ('#SEQ_CWM_RESTRICTION-5#', '报废', '报废', NULL, NULL, '#SEQ_CWM_ENUM-23#', '4', '1')
INSERT INTO "CWM_ENUM" ("RESTRICTION_ID", "VALUE", "DISPLAY_VALUE", "IMAGE_URL", "DESCRIPTION", "ID", "ORDER_SIGN", "IS_OPEN") VALUES ('#SEQ_CWM_RESTRICTION-5#', '可用', '可用', NULL, NULL, '#SEQ_CWM_ENUM-24#', '0', '1')
INSERT INTO "CWM_ENUM" ("RESTRICTION_ID", "VALUE", "DISPLAY_VALUE", "IMAGE_URL", "DESCRIPTION", "ID", "ORDER_SIGN", "IS_OPEN") VALUES ('#SEQ_CWM_RESTRICTION-5#', '停用', '停用', NULL, NULL, '#SEQ_CWM_ENUM-25#', '2', '1')
INSERT INTO "CWM_ENUM" ("RESTRICTION_ID", "VALUE", "DISPLAY_VALUE", "IMAGE_URL", "DESCRIPTION", "ID", "ORDER_SIGN", "IS_OPEN") VALUES ('#SEQ_CWM_RESTRICTION-5#', '占用', '占用', NULL, NULL, '#SEQ_CWM_ENUM-26#', '1', '1')
INSERT INTO "CWM_ENUM" ("RESTRICTION_ID", "VALUE", "DISPLAY_VALUE", "IMAGE_URL", "DESCRIPTION", "ID", "ORDER_SIGN", "IS_OPEN") VALUES ('#SEQ_CWM_RESTRICTION-5#', '维修', '维修', NULL, NULL, '#SEQ_CWM_ENUM-27#', '3', '1')
