INSERT INTO "CWM_TBOM_DIR" ("ID", "NAME", "SCHEMA_ID", "IS_LOCK", "USERNAME", "MODIFIED_TIME", "LOCK_MODIFIED_TIME", "IS_DELETE", "TYPE", "ORDER_SIGN") VALUES ('#SEQ_CWM_TBOM_DIR-1#', '试验资源管理', '#SEQ_CWM_SCHEMA-1#', '0', 'guest1', TO_DATE('2017-04-27 11:07:56', 'SYYYY-MM-DD HH24:MI:SS'), TO_DATE('2017-04-11 10:02:36', 'SYYYY-MM-DD HH24:MI:SS'), '1', '0', '1')

INSERT INTO "CWM_TBOM" ("ID", "PID", "TABLE_ID", "VIEW_ID", "TYPE", "NAME", "DESCRIPTION", "DETAIL_TEXT", "BIG_IMAGE", "NOR_IMAGE", "SMA_IMAGE", "IS_ROOT", "ORDER_SIGN", "IS_VALID", "XML_ID", "SCHEMA_ID", "COLUMN_ID", "COLUMN_NAME", "EXP", "ORIGIN_EXP", "URL", "SHOWTYPE", "TEMPLATE_ID") VALUES ('#SEQ_CWM_TBOM-1#', NULL, NULL, NULL, NULL, '试验资源管理', NULL, NULL, NULL, NULL, NULL, '1', '0', '1', '000', '#SEQ_CWM_SCHEMA-1#', NULL, NULL, NULL, NULL, NULL, NULL, NULL)
INSERT INTO "CWM_TBOM" ("ID", "PID", "TABLE_ID", "VIEW_ID", "TYPE", "NAME", "DESCRIPTION", "DETAIL_TEXT", "BIG_IMAGE", "NOR_IMAGE", "SMA_IMAGE", "IS_ROOT", "ORDER_SIGN", "IS_VALID", "XML_ID", "SCHEMA_ID", "COLUMN_ID", "COLUMN_NAME", "EXP", "ORIGIN_EXP", "URL", "SHOWTYPE", "TEMPLATE_ID") VALUES ('#SEQ_CWM_TBOM-2#', '#SEQ_CWM_TBOM-1#', '#SEQ_CWM_TABLES-1#', NULL, '0', '设备台账管理（按分类）', NULL, NULL, NULL, NULL, NULL, '0', '0', '1', '000000', NULL, NULL, NULL, NULL, NULL, NULL, '0', '#SEQ_MODEL_GRID_VIEW-9#')
INSERT INTO "CWM_TBOM" ("ID", "PID", "TABLE_ID", "VIEW_ID", "TYPE", "NAME", "DESCRIPTION", "DETAIL_TEXT", "BIG_IMAGE", "NOR_IMAGE", "SMA_IMAGE", "IS_ROOT", "ORDER_SIGN", "IS_VALID", "XML_ID", "SCHEMA_ID", "COLUMN_ID", "COLUMN_NAME", "EXP", "ORIGIN_EXP", "URL", "SHOWTYPE", "TEMPLATE_ID") VALUES ('#SEQ_CWM_TBOM-3#', '#SEQ_CWM_TBOM-1#', '#SEQ_CWM_TABLES-20#', NULL, '0', '设备台账管理（按标签）', NULL, NULL, NULL, NULL, NULL, '0', '1', '1', '000001', NULL, NULL, NULL, NULL, NULL, NULL, '0', '#SEQ_MODEL_GRID_VIEW-16#')
INSERT INTO "CWM_TBOM" ("ID", "PID", "TABLE_ID", "VIEW_ID", "TYPE", "NAME", "DESCRIPTION", "DETAIL_TEXT", "BIG_IMAGE", "NOR_IMAGE", "SMA_IMAGE", "IS_ROOT", "ORDER_SIGN", "IS_VALID", "XML_ID", "SCHEMA_ID", "COLUMN_ID", "COLUMN_NAME", "EXP", "ORIGIN_EXP", "URL", "SHOWTYPE", "TEMPLATE_ID") VALUES ('#SEQ_CWM_TBOM-4#', '#SEQ_CWM_TBOM-1#', '#SEQ_CWM_TABLES-9#', NULL, '0', '设备计量管理', NULL, NULL, NULL, NULL, NULL, '0', '2', '1', '000002', NULL, NULL, NULL, NULL, NULL, NULL, '0', '#SEQ_MODEL_GRID_VIEW-20#')
INSERT INTO "CWM_TBOM" ("ID", "PID", "TABLE_ID", "VIEW_ID", "TYPE", "NAME", "DESCRIPTION", "DETAIL_TEXT", "BIG_IMAGE", "NOR_IMAGE", "SMA_IMAGE", "IS_ROOT", "ORDER_SIGN", "IS_VALID", "XML_ID", "SCHEMA_ID", "COLUMN_ID", "COLUMN_NAME", "EXP", "ORIGIN_EXP", "URL", "SHOWTYPE", "TEMPLATE_ID") VALUES ('#SEQ_CWM_TBOM-5#', '#SEQ_CWM_TBOM-1#', '#SEQ_CWM_TABLES-14#', NULL, '0', '试验件管理', NULL, NULL, NULL, NULL, NULL, '0', '3', '1', '000003', NULL, NULL, NULL, NULL, NULL, NULL, '0', '#SEQ_MODEL_GRID_VIEW-23#')
INSERT INTO "CWM_TBOM" ("ID", "PID", "TABLE_ID", "VIEW_ID", "TYPE", "NAME", "DESCRIPTION", "DETAIL_TEXT", "BIG_IMAGE", "NOR_IMAGE", "SMA_IMAGE", "IS_ROOT", "ORDER_SIGN", "IS_VALID", "XML_ID", "SCHEMA_ID", "COLUMN_ID", "COLUMN_NAME", "EXP", "ORIGIN_EXP", "URL", "SHOWTYPE", "TEMPLATE_ID") VALUES ('#SEQ_CWM_TBOM-6#', '#SEQ_CWM_TBOM-1#', '#SEQ_CWM_TABLES-16#', NULL, '0', '试验样品管理', NULL, NULL, NULL, NULL, NULL, '0', '4', '1', '000004', NULL, NULL, NULL, NULL, NULL, NULL, '0', '#SEQ_MODEL_GRID_VIEW-7#')
INSERT INTO "CWM_TBOM" ("ID", "PID", "TABLE_ID", "VIEW_ID", "TYPE", "NAME", "DESCRIPTION", "DETAIL_TEXT", "BIG_IMAGE", "NOR_IMAGE", "SMA_IMAGE", "IS_ROOT", "ORDER_SIGN", "IS_VALID", "XML_ID", "SCHEMA_ID", "COLUMN_ID", "COLUMN_NAME", "EXP", "ORIGIN_EXP", "URL", "SHOWTYPE", "TEMPLATE_ID") VALUES ('#SEQ_CWM_TBOM-7#', '#SEQ_CWM_TBOM-1#', '#SEQ_CWM_TABLES-10#', NULL, '0', '试验人员管理', NULL, NULL, NULL, NULL, NULL, '0', '5', '1', '000005', NULL, NULL, NULL, NULL, NULL, NULL, '0', '#SEQ_MODEL_GRID_VIEW-5#')
INSERT INTO "CWM_TBOM" ("ID", "PID", "TABLE_ID", "VIEW_ID", "TYPE", "NAME", "DESCRIPTION", "DETAIL_TEXT", "BIG_IMAGE", "NOR_IMAGE", "SMA_IMAGE", "IS_ROOT", "ORDER_SIGN", "IS_VALID", "XML_ID", "SCHEMA_ID", "COLUMN_ID", "COLUMN_NAME", "EXP", "ORIGIN_EXP", "URL", "SHOWTYPE", "TEMPLATE_ID") VALUES ('#SEQ_CWM_TBOM-8#', '#SEQ_CWM_TBOM-1#', '#SEQ_CWM_TABLES-12#', NULL, '0', '试验团队管理', NULL, NULL, NULL, NULL, NULL, '0', '6', '1', '000006', NULL, NULL, NULL, NULL, NULL, NULL, '0', '#SEQ_MODEL_GRID_VIEW-15#')
INSERT INTO "CWM_TBOM" ("ID", "PID", "TABLE_ID", "VIEW_ID", "TYPE", "NAME", "DESCRIPTION", "DETAIL_TEXT", "BIG_IMAGE", "NOR_IMAGE", "SMA_IMAGE", "IS_ROOT", "ORDER_SIGN", "IS_VALID", "XML_ID", "SCHEMA_ID", "COLUMN_ID", "COLUMN_NAME", "EXP", "ORIGIN_EXP", "URL", "SHOWTYPE", "TEMPLATE_ID") VALUES ('#SEQ_CWM_TBOM-9#', '#SEQ_CWM_TBOM-1#', '#SEQ_CWM_TABLES-18#', NULL, '0', '试验环境管理', NULL, NULL, NULL, NULL, NULL, '0', '7', '1', '000007', NULL, NULL, NULL, NULL, NULL, NULL, '0', '#SEQ_MODEL_GRID_VIEW-19#')
INSERT INTO "CWM_TBOM" ("ID", "PID", "TABLE_ID", "VIEW_ID", "TYPE", "NAME", "DESCRIPTION", "DETAIL_TEXT", "BIG_IMAGE", "NOR_IMAGE", "SMA_IMAGE", "IS_ROOT", "ORDER_SIGN", "IS_VALID", "XML_ID", "SCHEMA_ID", "COLUMN_ID", "COLUMN_NAME", "EXP", "ORIGIN_EXP", "URL", "SHOWTYPE", "TEMPLATE_ID") VALUES ('#SEQ_CWM_TBOM-10#', '#SEQ_CWM_TBOM-1#', '#SEQ_CWM_TABLES-22#', NULL, '0', '试验系统管理', NULL, NULL, NULL, NULL, NULL, '0', '8', '1', '000008', NULL, NULL, NULL, NULL, NULL, NULL, '0', '#SEQ_MODEL_GRID_VIEW-17#')

INSERT INTO "CWM_DYNAMIC_TBOM" ("COLUMN_ID", "DATA_SOURCE", "ORDER_SIGN", "TBOM_ID", "TABLE_ID", "VIEW_ID", "URL", "DISPLAY", "PID", "EXP", "ORIGIN_EXP", "SHOWTYPE", "ID") VALUES ('#SEQ_CWM_TAB_COLUMNS-1#', 't#SEQ_CWM_TABLES-2#-mtl#SEQ_MODEL_GRID_VIEW-10#,t#SEQ_CWM_TABLES-1#-mtl#SEQ_MODEL_GRID_VIEW-9#', '1', '#SEQ_CWM_TBOM-2#', '#SEQ_CWM_TABLES-1#', NULL, NULL, 'Tab页', NULL, NULL, NULL, '0', '#SEQ_CWM_DYNAMIC_TBOM-1#')
INSERT INTO "CWM_DYNAMIC_TBOM" ("COLUMN_ID", "DATA_SOURCE", "ORDER_SIGN", "TBOM_ID", "TABLE_ID", "VIEW_ID", "URL", "DISPLAY", "PID", "EXP", "ORIGIN_EXP", "SHOWTYPE", "ID") VALUES ('#SEQ_CWM_TAB_COLUMNS-68#', 't#SEQ_CWM_TABLES-5#-mtl#SEQ_MODEL_GRID_VIEW-2#,t#SEQ_CWM_TABLES-9#-mtl#SEQ_MODEL_GRID_VIEW-20#', '1', '#SEQ_CWM_TBOM-4#', '#SEQ_CWM_TABLES-9#', NULL, NULL, 'Tab页', NULL, NULL, NULL, '0', '#SEQ_CWM_DYNAMIC_TBOM-2#')
INSERT INTO "CWM_DYNAMIC_TBOM" ("COLUMN_ID", "DATA_SOURCE", "ORDER_SIGN", "TBOM_ID", "TABLE_ID", "VIEW_ID", "URL", "DISPLAY", "PID", "EXP", "ORIGIN_EXP", "SHOWTYPE", "ID") VALUES ('#SEQ_CWM_TAB_COLUMNS-72#', 't#SEQ_CWM_TABLES-11#-mtl#SEQ_MODEL_GRID_VIEW-21#,t#SEQ_CWM_TABLES-10#-mtl#SEQ_MODEL_GRID_VIEW-5#', '1', '#SEQ_CWM_TBOM-7#', '#SEQ_CWM_TABLES-10#', NULL, NULL, 'Tab页', NULL, NULL, NULL, '0', '#SEQ_CWM_DYNAMIC_TBOM-3#')
INSERT INTO "CWM_DYNAMIC_TBOM" ("COLUMN_ID", "DATA_SOURCE", "ORDER_SIGN", "TBOM_ID", "TABLE_ID", "VIEW_ID", "URL", "DISPLAY", "PID", "EXP", "ORIGIN_EXP", "SHOWTYPE", "ID") VALUES ('#SEQ_CWM_TAB_COLUMNS-88#', 't#SEQ_CWM_TABLES-13#-mtl#SEQ_MODEL_GRID_VIEW-6#,t#SEQ_CWM_TABLES-12#-mtl#SEQ_MODEL_GRID_VIEW-15#', '1', '#SEQ_CWM_TBOM-8#', '#SEQ_CWM_TABLES-12#', NULL, NULL, 'Tab页', NULL, NULL, NULL, '0', '#SEQ_CWM_DYNAMIC_TBOM-4#')
INSERT INTO "CWM_DYNAMIC_TBOM" ("COLUMN_ID", "DATA_SOURCE", "ORDER_SIGN", "TBOM_ID", "TABLE_ID", "VIEW_ID", "URL", "DISPLAY", "PID", "EXP", "ORIGIN_EXP", "SHOWTYPE", "ID") VALUES ('#SEQ_CWM_TAB_COLUMNS-95#', 't#SEQ_CWM_TABLES-15#-mtl#SEQ_MODEL_GRID_VIEW-12#,t#SEQ_CWM_TABLES-14#-mtl#SEQ_MODEL_GRID_VIEW-23#', '1', '#SEQ_CWM_TBOM-5#', '#SEQ_CWM_TABLES-14#', NULL, NULL, 'Tab页', NULL, NULL, NULL, '0', '#SEQ_CWM_DYNAMIC_TBOM-5#')
INSERT INTO "CWM_DYNAMIC_TBOM" ("COLUMN_ID", "DATA_SOURCE", "ORDER_SIGN", "TBOM_ID", "TABLE_ID", "VIEW_ID", "URL", "DISPLAY", "PID", "EXP", "ORIGIN_EXP", "SHOWTYPE", "ID") VALUES ('#SEQ_CWM_TAB_COLUMNS-110#', 't#SEQ_CWM_TABLES-17#-mtl#SEQ_MODEL_GRID_VIEW-8#,t#SEQ_CWM_TABLES-16#-mtl#SEQ_MODEL_GRID_VIEW-7#', '1', '#SEQ_CWM_TBOM-6#', '#SEQ_CWM_TABLES-16#', NULL, NULL, 'Tab页', NULL, NULL, NULL, '0', '#SEQ_CWM_DYNAMIC_TBOM-6#')
INSERT INTO "CWM_DYNAMIC_TBOM" ("COLUMN_ID", "DATA_SOURCE", "ORDER_SIGN", "TBOM_ID", "TABLE_ID", "VIEW_ID", "URL", "DISPLAY", "PID", "EXP", "ORIGIN_EXP", "SHOWTYPE", "ID") VALUES ('#SEQ_CWM_TAB_COLUMNS-129#', 't#SEQ_CWM_TABLES-19#-mtl#SEQ_MODEL_GRID_VIEW-13#,t#SEQ_CWM_TABLES-18#-mtl#SEQ_MODEL_GRID_VIEW-19#', '1', '#SEQ_CWM_TBOM-9#', '#SEQ_CWM_TABLES-18#', NULL, NULL, 'Tab页', NULL, NULL, NULL, '0', '#SEQ_CWM_DYNAMIC_TBOM-7#')
INSERT INTO "CWM_DYNAMIC_TBOM" ("COLUMN_ID", "DATA_SOURCE", "ORDER_SIGN", "TBOM_ID", "TABLE_ID", "VIEW_ID", "URL", "DISPLAY", "PID", "EXP", "ORIGIN_EXP", "SHOWTYPE", "ID") VALUES ('#SEQ_CWM_TAB_COLUMNS-139#', 't#SEQ_CWM_TABLES-2#-mtl#SEQ_MODEL_GRID_VIEW-10#,t#SEQ_CWM_TABLES-20#-mtl#SEQ_MODEL_GRID_VIEW-16#', '1', '#SEQ_CWM_TBOM-3#', '#SEQ_CWM_TABLES-20#', NULL, NULL, 'Tab页', NULL, NULL, NULL, '0', '#SEQ_CWM_DYNAMIC_TBOM-8#')

INSERT INTO "CWM_TBOM_ROLE" ("NODE_ID", "ROLE_ID", "DATA_SOURCE") VALUES ('#SEQ_CWM_TBOM-2#', NULL, 't#SEQ_CWM_TABLES-1#')
INSERT INTO "CWM_TBOM_ROLE" ("NODE_ID", "ROLE_ID", "DATA_SOURCE") VALUES ('#SEQ_CWM_TBOM-3#', NULL, 't#SEQ_CWM_TABLES-20#')
INSERT INTO "CWM_TBOM_ROLE" ("NODE_ID", "ROLE_ID", "DATA_SOURCE") VALUES ('#SEQ_CWM_TBOM-4#', NULL, 't#SEQ_CWM_TABLES-9#')
INSERT INTO "CWM_TBOM_ROLE" ("NODE_ID", "ROLE_ID", "DATA_SOURCE") VALUES ('#SEQ_CWM_TBOM-5#', NULL, 't#SEQ_CWM_TABLES-14#')
INSERT INTO "CWM_TBOM_ROLE" ("NODE_ID", "ROLE_ID", "DATA_SOURCE") VALUES ('#SEQ_CWM_TBOM-6#', NULL, 't#SEQ_CWM_TABLES-16#')
INSERT INTO "CWM_TBOM_ROLE" ("NODE_ID", "ROLE_ID", "DATA_SOURCE") VALUES ('#SEQ_CWM_TBOM-7#', NULL, 't#SEQ_CWM_TABLES-10#')
INSERT INTO "CWM_TBOM_ROLE" ("NODE_ID", "ROLE_ID", "DATA_SOURCE") VALUES ('#SEQ_CWM_TBOM-8#', NULL, 't#SEQ_CWM_TABLES-12#')
INSERT INTO "CWM_TBOM_ROLE" ("NODE_ID", "ROLE_ID", "DATA_SOURCE") VALUES ('#SEQ_CWM_TBOM-9#', NULL, 't#SEQ_CWM_TABLES-18#')
INSERT INTO "CWM_TBOM_ROLE" ("NODE_ID", "ROLE_ID", "DATA_SOURCE") VALUES ('#SEQ_CWM_TBOM-10#', NULL, 't#SEQ_CWM_TABLES-22#')
